[16:52:41.908] Try reusing port from lock file: 62743
[16:52:41.933] Server listening on port 62743, PID 54260
[16:52:41.957] readProjectFiles, Found 53 files to read.
[16:52:42.085] [Preview Server] Frontend connected, clients size = 1
[16:52:42.125] Starting PAI Cloud Dev...
[16:52:43.119] [PAI SDK] createCloudSession response: {
  "code": 0,
  "msg": "success",
  "sandboxId": "vefaas-f0vkicge-zwx1wbt5u0-d98vu1g2kp5jedib2ttg-sandbox",
  "endpoint": "https://sd62opo6oqou1ckhsuo00.apigateway-cn-beijing.volceapi.com"
}
[16:52:43.430] [PAI SDK] cloudServer.start called, appId: pai-preview-trae-9f308e9b
[16:52:44.264] [PAI SDK] Received event: log {"content":"\n> taro_template@1.0.0 dev:h5\n> npm run build:h5 -- --watch\n\n\n> taro_template@1.0.0 build:h5\n> taro build --type h5 --watch\n\n","timestamp":1783759341023}
[16:52:44.451] [PAI SDK] Received event: log {"content":"👽 Taro v4.1.9\n\n","timestamp":1783759341258}
[16:52:45.408] [PAI SDK] Received event: log {"content":"Tips:\n1. 建议开启持久化缓存功能，能有效提升二次编译速度，详情请参考: https://docs.taro.zone/docs/config-detail#cache。\n\n\n","timestamp":1783759342213}
[16:52:48.840] [PAI SDK] Received event: log {"content":"ℹ 预览端口 10086 被占用, 自动切换到空闲端口 10088\n","timestamp":1783759345646}
[16:52:49.671] [PAI SDK] Received event: log {"content":"- 即将开始启动编译，请稍等~\n","timestamp":1783759346488}
[16:53:04.419] [PAI SDK] Received event: log {"content":"✅  编译成功 7/11/2026, 4:42:41 PM\n\n","timestamp":1783759361241}
[16:53:04.433] [PAI SDK] cloudServer.start response: {
  "status": "running",
  "msg": "Cloud Server started successfully.",
  "hash": "pai-preview-trae-9f308e9b"
}
[16:53:04.545] [PAI SDK] Received event: log {"content":"\nℹ️  Listening at http://9.99.3.53:10088/\n\n监听文件修改中...\n\n","timestamp":1783759361345}
[16:53:28.149] [Preview Server] Frontend disconnected, clients size = 1
[16:53:28.558] [Preview Server] Frontend connected, clients size = 1
[16:53:28.558] Sending cached status to new connection, lastStatusMessage = {"event":"status_change","message":{"url":"https://sd62opo6oqou1ckhsuo00.apigateway-cn-beijing.volceapi.com/?faasInstanceName=vefaas-f0vkicge-zwx1wbt5u0-d98vu1g2kp5jedib2ttg-sandbox&hash=pai-preview-trae-9f308e9b","schema":"aipa://preview?type=pai&aipa_id=pai-preview-trae-9f308e9b&uuid=f8a5d2c1-06a5-457d-83fb-6d0dc7c479d2","status":"running","msg":"Cloud Server started successfully.","framework":"taro"}}
[16:53:33.882] [Preview Server] Frontend disconnected, clients size = 1
[16:53:34.223] [Preview Server] Frontend connected, clients size = 1
[16:53:34.224] Sending cached status to new connection, lastStatusMessage = {"event":"status_change","message":{"url":"https://sd62opo6oqou1ckhsuo00.apigateway-cn-beijing.volceapi.com/?faasInstanceName=vefaas-f0vkicge-zwx1wbt5u0-d98vu1g2kp5jedib2ttg-sandbox&hash=pai-preview-trae-9f308e9b","schema":"aipa://preview?type=pai&aipa_id=pai-preview-trae-9f308e9b&uuid=f8a5d2c1-06a5-457d-83fb-6d0dc7c479d2","status":"running","msg":"Cloud Server started successfully.","framework":"taro"}}
[16:56:37.144] File change detected. Updating...
[16:56:37.161] readProjectFiles, Found 53 files to read.
[16:56:37.207] Files read. Count: 53
[16:56:37.207] Calling pai.updateCloudDev...
[16:56:37.208] [PAI SDK] cloudServer.update called, appId: pai-preview-trae-9f308e9b
[16:56:38.053] [PAI SDK] Received event: reload {"url":"aipa://pai-preview-trae-9f308e9b.aipa-cloud.bytedance.net?type=pai","timestamp":1783759574867}
[16:56:38.053] [PAI SDK] CloudServer received reload event: {"url":"aipa://pai-preview-trae-9f308e9b.aipa-cloud.bytedance.net?type=pai","timestamp":1783759574867}
[16:56:38.053] [PAI SDK] reload, url = https://sd62opo6oqou1ckhsuo00.apigateway-cn-beijing.volceapi.com/?faasInstanceName=vefaas-f0vkicge-zwx1wbt5u0-d98vu1g2kp5jedib2ttg-sandbox&hash=pai-preview-trae-9f308e9b
[16:56:38.054] [PAI SDK] cloudServer.update response: {
  "status": "running",
  "reload": false,
  "hash": "pai-preview-trae-9f308e9b"
}
[16:56:38.054] Update success (pai.updateCloudDev returned)
[16:56:38.168] [PAI SDK] Received event: log {"content":"<i> [webpack-dev-middleware] wait until bundle finished: /\n","timestamp":1783759574986}
[16:56:39.613] [PAI SDK] Received event: log {"content":"🙅   编译失败. 7/11/2026, 4:46:16 PM\n\n","timestamp":1783759576438}
[16:56:39.679] [PAI SDK] Received event: compile_error [{"filename":"","lineNumber":0,"description":"ERROR in ./src/app.config.ts 63:28-63\nModule not found: Error: Can't resolve './assets/tabbar/plan.svg' in '/src'\n\nERROR in ./src/app.config.ts 64:36-80\nModule not found: Error: Can't resolve './assets/tabbar/plan-selected.svg' in '/src'\n\nERROR in ./src/app.config.ts 67:28-64\nModule not found: Error: Can't resolve './assets/tabbar/wrong.svg' in '/src'\n\nERROR in ./src/app.config.ts 68:36-81\nModule not found: Error: Can't resolve './assets/tabbar/wrong-selected.svg' in '/src'\n\nERROR in ./src/app.config.ts 97:15-43\nModule not found: Error: Can't resolve './pages/plan/index' in '/src'\n\nERROR in ./src/app.config.ts 114:15-44\nModule not found: Error: Can't resolve './pages/wrong/index' in '/src'\n\n6 errors have detailed information that is not shown.\nUse 'stats.errorDetails: true' resp. '--stats-error-details' to show it.","timestamp":1783759576472}]
[16:56:39.726] [PAI SDK] Received event: log {"content":"resolve './assets/tabbar/plan.svg' in '/tmp/pai-cloud-build/11OL3qNyS4YeBx3T7xl7t/src'\n  using description file: /tmp/pai-cloud-build/11OL3qNyS4YeBx3T7xl7t/package.json (relative path: ./src)\n    Field 'browser' doesn't contain a valid alias configuration\n    using description file: /tmp/pai-cloud-build/11OL3qNyS4YeBx3T7xl7t/package.json (relative path: ./src/assets/tabbar/plan.svg)\n      no extension\n        Field 'browser' doesn't contain a valid alias configuration\n        /tmp/pai-cloud-build/11OL3qNyS4YeBx3T7xl7t/src/assets/tabbar/plan.svg doesn't exist\n      .js\n        Field 'browser' doesn't contain a valid alias configuration\n        /tmp/pai-cloud-build/11OL3qNyS4YeBx3T7xl7t/src/assets/tabbar/plan.svg.js doesn't exist\n      .jsx\n        Field 'browser' doesn't contain a valid alias configuration\n        /tmp/pai-cloud-build/11OL3qNyS4YeBx3T7xl7t/src/assets/tabbar/plan.svg.jsx doesn't exist\n      .ts\n        Field 'browser' doesn't contain a valid alias configuration\n        /tmp/pai-cloud-build/11OL3qNyS4YeBx3T7xl7t/src/assets/tabbar/plan.svg.ts doesn't exist\n      .tsx\n        Field 'browser' doesn't contain a valid alias configuration\n        /tmp/pai-cloud-build/11OL3qNyS4YeBx3T7xl7t/src/assets/tabbar/plan.svg.tsx doesn't exist\n      .mjs\n        Field 'browser' doesn't contain a valid alias configuration\n        /tmp/pai-cloud-build/11OL3qNyS4YeBx3T7xl7t/src/assets/tabbar/plan.svg.mjs doesn't exist\n      .vue\n        Field 'browser' doesn't contain a valid alias configuration\n        /tmp/pai-cloud-build/11OL3qNyS4YeBx3T7xl7t/src/assets/tabbar/plan.svg.vue doesn't exist\n      as directory\n        /tmp/pai-cloud-build/11OL3qNyS4YeBx3T7xl7t/src/assets/tabbar/plan.svg doesn't exist\n\n","timestamp":1783759576539}
[16:57:01.801] File change detected. Updating...
[16:57:01.814] readProjectFiles, Found 54 files to read.
[16:57:01.857] Files read. Count: 54
[16:57:01.857] Calling pai.updateCloudDev...
[16:57:01.857] [PAI SDK] cloudServer.update called, appId: pai-preview-trae-9f308e9b
[16:57:02.122] [PAI SDK] Received event: reload {"url":"aipa://pai-preview-trae-9f308e9b.aipa-cloud.bytedance.net?type=pai","timestamp":1783759598945}
[16:57:02.122] [PAI SDK] CloudServer received reload event: {"url":"aipa://pai-preview-trae-9f308e9b.aipa-cloud.bytedance.net?type=pai","timestamp":1783759598945}
[16:57:02.123] [PAI SDK] reload, url = https://sd62opo6oqou1ckhsuo00.apigateway-cn-beijing.volceapi.com/?faasInstanceName=vefaas-f0vkicge-zwx1wbt5u0-d98vu1g2kp5jedib2ttg-sandbox&hash=pai-preview-trae-9f308e9b
[16:57:02.123] [PAI SDK] cloudServer.update response: {
  "status": "running",
  "reload": false,
  "hash": "pai-preview-trae-9f308e9b"
}
[16:57:02.123] Update success (pai.updateCloudDev returned)
[16:57:02.276] [PAI SDK] Received event: log {"content":"<i> [webpack-dev-middleware] wait until bundle finished: /\n","timestamp":1783759599055}
[16:57:03.261] [PAI SDK] Received event: log {"content":"🙅   编译失败. 7/11/2026, 4:46:40 PM\n\n","timestamp":1783759600014}
[16:57:03.262] [PAI SDK] Received event: compile_error [{"filename":"","lineNumber":0,"description":"ERROR in ./src/app.config.ts 64:36-80\nModule not found: Error: Can't resolve './assets/tabbar/plan-selected.svg' in '/src'\n\nERROR in ./src/app.config.ts 67:28-64\nModule not found: Error: Can't resolve './assets/tabbar/wrong.svg' in '/src'\n\nERROR in ./src/app.config.ts 68:36-81\nModule not found: Error: Can't resolve './assets/tabbar/wrong-selected.svg' in '/src'\n\nERROR in ./src/app.config.ts 97:15-43\nModule not found: Error: Can't resolve './pages/plan/index' in '/src'\n\nERROR in ./src/app.config.ts 114:15-44\nModule not found: Error: Can't resolve './pages/wrong/index' in '/src'\n\n5 errors have detailed information that is not shown.\nUse 'stats.errorDetails: true' resp. '--stats-error-details' to show it.","timestamp":1783759600058}]
[16:57:03.319] [PAI SDK] Received event: log {"content":"resolve './assets/tabbar/plan-selected.svg' in '/tmp/pai-cloud-build/11OL3qNyS4YeBx3T7xl7t/src'\n  using description file: /tmp/pai-cloud-build/11OL3qNyS4YeBx3T7xl7t/package.json (relative path: ./src)\n    Field 'browser' doesn't contain a valid alias configuration\n    using description file: /tmp/pai-cloud-build/11OL3qNyS4YeBx3T7xl7t/package.json (relative path: ./src/assets/tabbar/plan-selected.svg)\n      no extension\n        Field 'browser' doesn't contain a valid alias configuration\n        /tmp/pai-cloud-build/11OL3qNyS4YeBx3T7xl7t/src/assets/tabbar/plan-selected.svg doesn't exist\n      .js\n        Field 'browser' doesn't contain a valid alias configuration\n        /tmp/pai-cloud-build/11OL3qNyS4YeBx3T7xl7t/src/assets/tabbar/plan-selected.svg.js doesn't exist\n      .jsx\n        Field 'browser' doesn't contain a valid alias configuration\n        /tmp/pai-cloud-build/11OL3qNyS4YeBx3T7xl7t/src/assets/tabbar/plan-selected.svg.jsx doesn't exist\n      .ts\n        Field 'browser' doesn't contain a valid alias configuration\n        /tmp/pai-cloud-build/11OL3qNyS4YeBx3T7xl7t/src/assets/tabbar/plan-selected.svg.ts doesn't exist\n      .tsx\n        Field 'browser' doesn't contain a valid alias configuration\n        /tmp/pai-cloud-build/11OL3qNyS4YeBx3T7xl7t/src/assets/tabbar/plan-selected.svg.tsx doesn't exist\n      .mjs\n        Field 'browser' doesn't contain a valid alias configuration\n        /tmp/pai-cloud-build/11OL3qNyS4YeBx3T7xl7t/src/assets/tabbar/plan-selected.svg.mjs doesn't exist\n      .vue\n        Field 'browser' doesn't contain a valid alias configuration\n        /tmp/pai-cloud-build/11OL3qNyS4YeBx3T7xl7t/src/assets/tabbar/plan-selected.svg.vue doesn't exist\n      as directory\n        /tmp/pai-cloud-build/11OL3qNyS4YeBx3T7xl7t/src/assets/tabbar/plan-selected.svg doesn't exist\n\n","timestamp":1783759600116}
[16:57:06.522] File change detected. Updating...
[16:57:06.536] readProjectFiles, Found 55 files to read.
[16:57:06.576] Files read. Count: 55
[16:57:06.576] Calling pai.updateCloudDev...
[16:57:06.576] [PAI SDK] cloudServer.update called, appId: pai-preview-trae-9f308e9b
[16:57:06.888] [PAI SDK] Received event: reload {"url":"aipa://pai-preview-trae-9f308e9b.aipa-cloud.bytedance.net?type=pai","timestamp":1783759603705}
[16:57:06.889] [PAI SDK] CloudServer received reload event: {"url":"aipa://pai-preview-trae-9f308e9b.aipa-cloud.bytedance.net?type=pai","timestamp":1783759603705}
[16:57:06.889] [PAI SDK] reload, url = https://sd62opo6oqou1ckhsuo00.apigateway-cn-beijing.volceapi.com/?faasInstanceName=vefaas-f0vkicge-zwx1wbt5u0-d98vu1g2kp5jedib2ttg-sandbox&hash=pai-preview-trae-9f308e9b
[16:57:06.889] [PAI SDK] cloudServer.update response: {
  "status": "running",
  "reload": false,
  "hash": "pai-preview-trae-9f308e9b"
}
[16:57:06.890] Update success (pai.updateCloudDev returned)
[16:57:06.998] [PAI SDK] Received event: log {"content":"<i> [webpack-dev-middleware] wait until bundle finished: /\n","timestamp":1783759603809}
[16:57:08.053] [PAI SDK] Received event: log {"content":"🙅   编译失败. 7/11/2026, 4:46:44 PM\n\n","timestamp":1783759604871}
[16:57:08.070] [PAI SDK] Received event: compile_error [{"filename":"","lineNumber":0,"description":"ERROR in ./src/app.config.ts 67:28-64\nModule not found: Error: Can't resolve './assets/tabbar/wrong.svg' in '/src'\n\nERROR in ./src/app.config.ts 68:36-81\nModule not found: Error: Can't resolve './assets/tabbar/wrong-selected.svg' in '/src'\n\nERROR in ./src/app.config.ts 97:15-43\nModule not found: Error: Can't resolve './pages/plan/index' in '/src'\n\nERROR in ./src/app.config.ts 114:15-44\nModule not found: Error: Can't resolve './pages/wrong/index' in '/src'\n\n4 errors have detailed information that is not shown.\nUse 'stats.errorDetails: true' resp. '--stats-error-details' to show it.","timestamp":1783759604885}]
[16:57:08.171] [PAI SDK] Received event: log {"content":"resolve './assets/tabbar/wrong.svg' in '/tmp/pai-cloud-build/11OL3qNyS4YeBx3T7xl7t/src'\n  using description file: /tmp/pai-cloud-build/11OL3qNyS4YeBx3T7xl7t/package.json (relative path: ./src)\n    Field 'browser' doesn't contain a valid alias configuration\n    using description file: /tmp/pai-cloud-build/11OL3qNyS4YeBx3T7xl7t/package.json (relative path: ./src/assets/tabbar/wrong.svg)\n      no extension\n        Field 'browser' doesn't contain a valid alias configuration\n        /tmp/pai-cloud-build/11OL3qNyS4YeBx3T7xl7t/src/assets/tabbar/wrong.svg doesn't exist\n      .js\n        Field 'browser' doesn't contain a valid alias configuration\n        /tmp/pai-cloud-build/11OL3qNyS4YeBx3T7xl7t/src/assets/tabbar/wrong.svg.js doesn't exist\n      .jsx\n        Field 'browser' doesn't contain a valid alias configuration\n        /tmp/pai-cloud-build/11OL3qNyS4YeBx3T7xl7t/src/assets/tabbar/wrong.svg.jsx doesn't exist\n      .ts\n        Field 'browser' doesn't contain a valid alias configuration\n        /tmp/pai-cloud-build/11OL3qNyS4YeBx3T7xl7t/src/assets/tabbar/wrong.svg.ts doesn't exist\n      .tsx\n        Field 'browser' doesn't contain a valid alias configuration\n        /tmp/pai-cloud-build/11OL3qNyS4YeBx3T7xl7t/src/assets/tabbar/wrong.svg.tsx doesn't exist\n      .mjs\n        Field 'browser' doesn't contain a valid alias configuration\n        /tmp/pai-cloud-build/11OL3qNyS4YeBx3T7xl7t/src/assets/tabbar/wrong.svg.mjs doesn't exist\n      .vue\n        Field 'browser' doesn't contain a valid alias configuration\n        /tmp/pai-cloud-build/11OL3qNyS4YeBx3T7xl7t/src/assets/tabbar/wrong.svg.vue doesn't exist\n      as directory\n        /tmp/pai-cloud-build/11OL3qNyS4YeBx3T7xl7t/src/assets/tabbar/wrong.svg doesn't exist\n\n","timestamp":1783759604971}
[16:57:10.560] File change detected. Updating...
[16:57:10.575] readProjectFiles, Found 56 files to read.
[16:57:10.641] Files read. Count: 56
[16:57:10.641] Calling pai.updateCloudDev...
[16:57:10.641] [PAI SDK] cloudServer.update called, appId: pai-preview-trae-9f308e9b
[16:57:10.848] [PAI SDK] Received event: reload {"url":"aipa://pai-preview-trae-9f308e9b.aipa-cloud.bytedance.net?type=pai","timestamp":1783759607666}
[16:57:10.848] [PAI SDK] CloudServer received reload event: {"url":"aipa://pai-preview-trae-9f308e9b.aipa-cloud.bytedance.net?type=pai","timestamp":1783759607666}
[16:57:10.848] [PAI SDK] reload, url = https://sd62opo6oqou1ckhsuo00.apigateway-cn-beijing.volceapi.com/?faasInstanceName=vefaas-f0vkicge-zwx1wbt5u0-d98vu1g2kp5jedib2ttg-sandbox&hash=pai-preview-trae-9f308e9b
[16:57:10.848] [PAI SDK] cloudServer.update response: {
  "status": "running",
  "reload": false,
  "hash": "pai-preview-trae-9f308e9b"
}
[16:57:10.848] Update success (pai.updateCloudDev returned)
[16:57:10.970] [PAI SDK] Received event: log {"content":"<i> [webpack-dev-middleware] wait until bundle finished: /\n","timestamp":1783759607796}
[16:57:11.794] [PAI SDK] Received event: log {"content":"🙅   编译失败. 7/11/2026, 4:46:48 PM\n\n","timestamp":1783759608612}
[16:57:11.835] [PAI SDK] Received event: compile_error [{"filename":"","lineNumber":0,"description":"ERROR in ./src/app.config.ts 68:36-81\nModule not found: Error: Can't resolve './assets/tabbar/wrong-selected.svg' in '/src'\n\nERROR in ./src/app.config.ts 97:15-43\nModule not found: Error: Can't resolve './pages/plan/index' in '/src'\n\nERROR in ./src/app.config.ts 114:15-44\nModule not found: Error: Can't resolve './pages/wrong/index' in '/src'\n\n3 errors have detailed information that is not shown.\nUse 'stats.errorDetails: true' resp. '--stats-error-details' to show it.","timestamp":1783759608652}]
[16:57:11.889] [PAI SDK] Received event: log {"content":"resolve './assets/tabbar/wrong-selected.svg' in '/tmp/pai-cloud-build/11OL3qNyS4YeBx3T7xl7t/src'\n  using description file: /tmp/pai-cloud-build/11OL3qNyS4YeBx3T7xl7t/package.json (relative path: ./src)\n    Field 'browser' doesn't contain a valid alias configuration\n    using description file: /tmp/pai-cloud-build/11OL3qNyS4YeBx3T7xl7t/package.json (relative path: ./src/assets/tabbar/wrong-selected.svg)\n      no extension\n        Field 'browser' doesn't contain a valid alias configuration\n        /tmp/pai-cloud-build/11OL3qNyS4YeBx3T7xl7t/src/assets/tabbar/wrong-selected.svg doesn't exist\n      .js\n        Field 'browser' doesn't contain a valid alias configuration\n        /tmp/pai-cloud-build/11OL3qNyS4YeBx3T7xl7t/src/assets/tabbar/wrong-selected.svg.js doesn't exist\n      .jsx\n        Field 'browser' doesn't contain a valid alias configuration\n        /tmp/pai-cloud-build/11OL3qNyS4YeBx3T7xl7t/src/assets/tabbar/wrong-selected.svg.jsx doesn't exist\n      .ts\n        Field 'browser' doesn't contain a valid alias configuration\n        /tmp/pai-cloud-build/11OL3qNyS4YeBx3T7xl7t/src/assets/tabbar/wrong-selected.svg.ts doesn't exist\n      .tsx\n        Field 'browser' doesn't contain a valid alias configuration\n        /tmp/pai-cloud-build/11OL3qNyS4YeBx3T7xl7t/src/assets/tabbar/wrong-selected.svg.tsx doesn't exist\n      .mjs\n        Field 'browser' doesn't contain a valid alias configuration\n        /tmp/pai-cloud-build/11OL3qNyS4YeBx3T7xl7t/src/assets/tabbar/wrong-selected.svg.mjs doesn't exist\n      .vue\n        Field 'browser' doesn't contain a valid alias configuration\n        /tmp/pai-cloud-build/11OL3qNyS4YeBx3T7xl7t/src/assets/tabbar/wrong-selected.svg.vue doesn't exist\n      as directory\n        /tmp/pai-cloud-build/11OL3qNyS4YeBx3T7xl7t/src/assets/tabbar/wrong-selected.svg doesn't exist\n\n","timestamp":1783759608714}
[16:57:43.693] File change detected. Updating...
[16:57:43.706] readProjectFiles, Found 56 files to read.
[16:57:43.749] Files read. Count: 56
[16:57:43.749] Calling pai.updateCloudDev...
[16:57:43.749] [PAI SDK] cloudServer.update called, appId: pai-preview-trae-9f308e9b
[16:57:43.922] [PAI SDK] Received event: reload {"url":"aipa://pai-preview-trae-9f308e9b.aipa-cloud.bytedance.net?type=pai","timestamp":1783759640737}
[16:57:43.922] [PAI SDK] CloudServer received reload event: {"url":"aipa://pai-preview-trae-9f308e9b.aipa-cloud.bytedance.net?type=pai","timestamp":1783759640737}
[16:57:43.922] [PAI SDK] reload, url = https://sd62opo6oqou1ckhsuo00.apigateway-cn-beijing.volceapi.com/?faasInstanceName=vefaas-f0vkicge-zwx1wbt5u0-d98vu1g2kp5jedib2ttg-sandbox&hash=pai-preview-trae-9f308e9b
[16:57:43.923] [PAI SDK] cloudServer.update response: {
  "status": "running",
  "reload": false,
  "hash": "pai-preview-trae-9f308e9b"
}
[16:57:43.923] Update success (pai.updateCloudDev returned)
[16:57:44.065] [PAI SDK] Received event: log {"content":"<i> [webpack-dev-middleware] wait until bundle finished: /\n","timestamp":1783759640865}
[16:57:44.997] [PAI SDK] Received event: log {"content":"🙅   编译失败. 7/11/2026, 4:47:21 PM\n\n","timestamp":1783759641820}
[16:57:45.015] [PAI SDK] Received event: compile_error [{"filename":"","lineNumber":0,"description":"ERROR in ./src/app.config.ts 68:36-81\nModule not found: Error: Can't resolve './assets/tabbar/wrong-selected.svg' in '/src'\n\nERROR in ./src/app.config.ts 97:15-43\nModule not found: Error: Can't resolve './pages/plan/index' in '/src'\n\nERROR in ./src/app.config.ts 114:15-44\nModule not found: Error: Can't resolve './pages/wrong/index' in '/src'\n\n3 errors have detailed information that is not shown.\nUse 'stats.errorDetails: true' resp. '--stats-error-details' to show it.","timestamp":1783759641839}]
[16:57:45.099] [PAI SDK] Received event: log {"content":"resolve './assets/tabbar/wrong-selected.svg' in '/tmp/pai-cloud-build/11OL3qNyS4YeBx3T7xl7t/src'\n  using description file: /tmp/pai-cloud-build/11OL3qNyS4YeBx3T7xl7t/package.json (relative path: ./src)\n    Field 'browser' doesn't contain a valid alias configuration\n    using description file: /tmp/pai-cloud-build/11OL3qNyS4YeBx3T7xl7t/package.json (relative path: ./src/assets/tabbar/wrong-selected.svg)\n      no extension\n        Field 'browser' doesn't contain a valid alias configuration\n        /tmp/pai-cloud-build/11OL3qNyS4YeBx3T7xl7t/src/assets/tabbar/wrong-selected.svg doesn't exist\n      .js\n        Field 'browser' doesn't contain a valid alias configuration\n        /tmp/pai-cloud-build/11OL3qNyS4YeBx3T7xl7t/src/assets/tabbar/wrong-selected.svg.js doesn't exist\n      .jsx\n        Field 'browser' doesn't contain a valid alias configuration\n        /tmp/pai-cloud-build/11OL3qNyS4YeBx3T7xl7t/src/assets/tabbar/wrong-selected.svg.jsx doesn't exist\n      .ts\n        Field 'browser' doesn't contain a valid alias configuration\n        /tmp/pai-cloud-build/11OL3qNyS4YeBx3T7xl7t/src/assets/tabbar/wrong-selected.svg.ts doesn't exist\n      .tsx\n        Field 'browser' doesn't contain a valid alias configuration\n        /tmp/pai-cloud-build/11OL3qNyS4YeBx3T7xl7t/src/assets/tabbar/wrong-selected.svg.tsx doesn't exist\n      .mjs\n        Field 'browser' doesn't contain a valid alias configuration\n        /tmp/pai-cloud-build/11OL3qNyS4YeBx3T7xl7t/src/assets/tabbar/wrong-selected.svg.mjs doesn't exist\n      .vue\n        Field 'browser' doesn't contain a valid alias configuration\n        /tmp/pai-cloud-build/11OL3qNyS4YeBx3T7xl7t/src/assets/tabbar/wrong-selected.svg.vue doesn't exist\n      as directory\n        /tmp/pai-cloud-build/11OL3qNyS4YeBx3T7xl7t/src/assets/tabbar/wrong-selected.svg doesn't exist\n\n","timestamp":1783759641921}
[16:57:48.161] File change detected. Updating...
[16:57:48.176] readProjectFiles, Found 57 files to read.
[16:57:48.227] Files read. Count: 57
[16:57:48.227] Calling pai.updateCloudDev...
[16:57:48.227] [PAI SDK] cloudServer.update called, appId: pai-preview-trae-9f308e9b
[16:57:48.492] [PAI SDK] Received event: reload {"url":"aipa://pai-preview-trae-9f308e9b.aipa-cloud.bytedance.net?type=pai","timestamp":1783759645251}
[16:57:48.492] [PAI SDK] CloudServer received reload event: {"url":"aipa://pai-preview-trae-9f308e9b.aipa-cloud.bytedance.net?type=pai","timestamp":1783759645251}
[16:57:48.492] [PAI SDK] reload, url = https://sd62opo6oqou1ckhsuo00.apigateway-cn-beijing.volceapi.com/?faasInstanceName=vefaas-f0vkicge-zwx1wbt5u0-d98vu1g2kp5jedib2ttg-sandbox&hash=pai-preview-trae-9f308e9b
[16:57:48.493] [PAI SDK] cloudServer.update response: {
  "status": "running",
  "reload": false,
  "hash": "pai-preview-trae-9f308e9b"
}
[16:57:48.493] Update success (pai.updateCloudDev returned)
[16:57:48.619] [PAI SDK] Received event: log {"content":"<i> [webpack-dev-middleware] wait until bundle finished: /\n","timestamp":1783759645410}
[16:57:49.610] [PAI SDK] Received event: log {"content":"🙅   编译失败. 7/11/2026, 4:47:26 PM\n\n","timestamp":1783759646435}
[16:57:49.639] [PAI SDK] Received event: compile_error [{"filename":"","lineNumber":0,"description":"ERROR in ./src/app.config.ts 97:15-43\nModule not found: Error: Can't resolve './pages/plan/index' in '/src'\nresolve './pages/plan/index' in '/src'\n  using description file: /package.json (relative path: ./src)\n    resolve multi platform file path\n      using description file: /package.json (relative path: ./src)\n        Field 'browser' doesn't contain a valid alias configuration\n        root path /package.json (relative path: ./src/pages/plan/index)\n            no extension\n              Field 'browser' doesn't contain a valid alias configuration\n              /src/pages/plan/index doesn't exist\n            .js\n              Field 'browser' doesn't contain a valid alias configuration\n              /src/pages/plan/index.js doesn't exist\n            .jsx\n              Field 'browser' doesn't contain a valid alias configuration\n              /src/pages/plan/index.jsx doesn't exist\n            .ts\n              Field 'browser' doesn't contain a valid alias configuration\n              /src/pages/plan/index.ts doesn't exist\n            .tsx\n              Field 'browser' doesn't contain a valid alias configuration\n              /src/pages/plan/index.tsx doesn't exist\n            .mjs\n              Field 'browser' doesn't contain a valid alias configuration\n              /src/pages/plan/index.mjs doesn't exist\n            .vue\n              Field 'browser' doesn't contain a valid alias configuration\n              /src/pages/plan/index.vue doesn't exist\n            as directory\n              /src/pages/plan/index doesn't exist\n        using description file: /package.json (relative path: ./src/pages/plan/index)\n          no extension\n            Field 'browser' doesn't contain a valid alias configuration\n            /src/pages/plan/index doesn't exist\n          .js\n            Field 'browser' doesn't contain a valid alias configuration\n            /src/pages/plan/index.js doesn't exist\n          .jsx\n            Field 'browser' doesn't contain a valid alias configuration\n            /src/pages/plan/index.jsx doesn't exist\n          .ts\n            Field 'browser' doesn't contain a valid alias configuration\n            /src/pages/plan/index.ts doesn't exist\n          .tsx\n            Field 'browser' doesn't contain a valid alias configuration\n            /src/pages/plan/index.tsx doesn't exist\n          .mjs\n            Field 'browser' doesn't contain a valid alias configuration\n            /src/pages/plan/index.mjs doesn't exist\n          .vue\n            Field 'browser' doesn't contain a valid alias configuration\n            /src/pages/plan/index.vue doesn't exist\n          as directory\n            /src/pages/plan/index doesn't exist\n\nERROR in ./src/app.config.ts 114:15-44\nModule not found: Error: Can't resolve './pages/wrong/index' in '/src'\nresolve './pages/wrong/index' in '/src'\n  using description file: /package.json (relative path: ./src)\n    resolve multi platform file path\n      using description file: /package.json (relative path: ./src)\n        Field 'browser' doesn't contain a valid alias configuration\n        root path /package.json (relative path: ./src/pages/wrong/index)\n            no extension\n              Field 'browser' doesn't contain a valid alias configuration\n              /src/pages/wrong/index doesn't exist\n            .js\n              Field 'browser' doesn't contain a valid alias configuration\n              /src/pages/wrong/index.js doesn't exist\n            .jsx\n              Field 'browser' doesn't contain a valid alias configuration\n              /src/pages/wrong/index.jsx doesn't exist\n            .ts\n              Field 'browser' doesn't contain a valid alias configuration\n              /src/pages/wrong/index.ts doesn't exist\n            .tsx\n              Field 'browser' doesn't contain a valid alias configuration\n              /src/pages/wrong/index.tsx doesn't exist\n            .mjs\n              Field 'browser' doesn't contain a valid alias configuration\n              /src/pages/wrong/index.mjs doesn't exist\n            .vue\n              Field 'browser' doesn't contain a valid alias configuration\n              /src/pages/wrong/index.vue doesn't exist\n            as directory\n              /src/pages/wrong/index doesn't exist\n        using description file: /package.json (relative path: ./src/pages/wrong/index)\n          no extension\n            Field 'browser' doesn't contain a valid alias configuration\n            /src/pages/wrong/index doesn't exist\n          .js\n            Field 'browser' doesn't contain a valid alias configuration\n            /src/pages/wrong/index.js doesn't exist\n          .jsx\n            Field 'browser' doesn't contain a valid alias configuration\n            /src/pages/wrong/index.jsx doesn't exist\n          .ts\n            Field 'browser' doesn't contain a valid alias configuration\n            /src/pages/wrong/index.ts doesn't exist\n          .tsx\n            Field 'browser' doesn't contain a valid alias configuration\n            /src/pages/wrong/index.tsx doesn't exist\n          .mjs\n            Field 'browser' doesn't contain a valid alias configuration\n            /src/pages/wrong/index.mjs doesn't exist\n          .vue\n            Field 'browser' doesn't contain a valid alias configuration\n            /src/pages/wrong/index.vue doesn't exist\n          as directory\n            /src/pages/wrong/index doesn't exist","timestamp":1783759646462}]
[16:57:49.719] [PAI SDK] Received event: log {"content":"resolve './pages/plan/index' in '/tmp/pai-cloud-build/11OL3qNyS4YeBx3T7xl7t/src'\n  using description file: /tmp/pai-cloud-build/11OL3qNyS4YeBx3T7xl7t/package.json (relative path: ./src)\n    resolve multi platform file path\n      using description file: /tmp/pai-cloud-build/11OL3qNyS4YeBx3T7xl7t/package.json (relative path: ./src)\n        Field 'browser' doesn't contain a valid alias configuration\n        root path /tmp/pai-cloud-build/11OL3qNyS4YeBx3T7xl7t\n          using description file: /tmp/pai-cloud-build/11OL3qNyS4YeBx3T7xl7t/package.json (relative path: ./tmp/pai-cloud-build/11OL3qNyS4YeBx3T7xl7t/src/pages/plan/index)\n            no extension\n              Field 'browser' doesn't contain a valid alias configuration\n              /tmp/pai-cloud-build/11OL3qNyS4YeBx3T7xl7t/tmp/pai-cloud-build/11OL3qNyS4YeBx3T7xl7t/src/pages/plan/index doesn't exist\n            .js\n              Field 'browser' doesn't contain a valid alias configuration\n              /tmp/pai-cloud-build/11OL3qNyS4YeBx3T7xl7t/tmp/pai-cloud-build/11OL3qNyS4YeBx3T7xl7t/src/pages/plan/index.js doesn't exist\n            .jsx\n              Field 'browser' doesn't contain a valid alias configuration\n              /tmp/pai-cloud-build/11OL3qNyS4YeBx3T7xl7t/tmp/pai-cloud-build/11OL3qNyS4YeBx3T7xl7t/src/pages/plan/index.jsx doesn't exist\n            .ts\n              Field 'browser' doesn't contain a valid alias configuration\n              /tmp/pai-cloud-build/11OL3qNyS4YeBx3T7xl7t/tmp/pai-cloud-build/11OL3qNyS4YeBx3T7xl7t/src/pages/plan/index.ts doesn't exist\n            .tsx\n              Field 'browser' doesn't contain a valid alias configuration\n              /tmp/pai-cloud-build/11OL3qNyS4YeBx3T7xl7t/tmp/pai-cloud-build/11OL3qNyS4YeBx3T7xl7t/src/pages/plan/index.tsx doesn't exist\n            .mjs\n              Field 'browser' doesn't contain a valid alias configuration\n              /tmp/pai-cloud-build/11OL3qNyS4YeBx3T7xl7t/tmp/pai-cloud-build/11OL3qNyS4YeBx3T7xl7t/src/pages/plan/index.mjs doesn't exist\n            .vue\n              Field 'browser' doesn't contain a valid alias configuration\n              /tmp/pai-cloud-build/11OL3qNyS4YeBx3T7xl7t/tmp/pai-cloud-build/11OL3qNyS4YeBx3T7xl7t/src/pages/plan/index.vue doesn't exist\n            as directory\n              /tmp/pai-cloud-build/11OL3qNyS4YeBx3T7xl7t/tmp/pai-cloud-build/11OL3qNyS4YeBx3T7xl7t/src/pages/plan/index doesn't exist\n        using description file: /tmp/pai-cloud-build/11OL3qNyS4YeBx3T7xl7t/package.json (relative path: ./src/pages/plan/index)\n          no extension\n            Field 'browser' doesn't contain a valid alias configuration\n            /tmp/pai-cloud-build/11OL3qNyS4YeBx3T7xl7t/src/pages/plan/index doesn't exist\n          .js\n            Field 'browser' doesn't contain a valid alias configuration\n            /tmp/pai-cloud-build/11OL3qNyS4YeBx3T7xl7t/src/pages/plan/index.js doesn't exist\n          .jsx\n            Field 'browser' doesn't contain a valid alias configuration\n            /tmp/pai-cloud-build/11OL3qNyS4YeBx3T7xl7t/src/pages/plan/index.jsx doesn't exist\n          .ts\n            Field 'browser' doesn't contain a valid alias configuration\n            /tmp/pai-cloud-build/11OL3qNyS4YeBx3T7xl7t/src/pages/plan/index.ts doesn't exist\n          .tsx\n            Field 'browser' doesn't contain a valid alias configuration\n            /tmp/pai-cloud-build/11OL3qNyS4YeBx3T7xl7t/src/pages/plan/index.tsx doesn't exist\n          .mjs\n            Field 'browser' doesn't contain a valid alias configuration\n            /tmp/pai-cloud-build/11OL3qNyS4YeBx3T7xl7t/src/pages/plan/index.mjs doesn't exist\n          .vue\n            Field 'browser' doesn't contain a valid alias configuration\n            /tmp/pai-cloud-build/11OL3qNyS4YeBx3T7xl7t/src/pages/plan/index.vue doesn't exist\n          as directory\n            /tmp/pai-cloud-build/11OL3qNyS4YeBx3T7xl7t/src/pages/plan/index doesn't exist\n\n","timestamp":1783759646535}
[16:58:02.654] File change detected. Updating...
[16:58:02.668] readProjectFiles, Found 57 files to read.
[16:58:02.713] Files read. Count: 57
[16:58:02.713] Calling pai.updateCloudDev...
[16:58:02.713] [PAI SDK] cloudServer.update called, appId: pai-preview-trae-9f308e9b
[16:58:02.887] [PAI SDK] Received event: reload {"url":"aipa://pai-preview-trae-9f308e9b.aipa-cloud.bytedance.net?type=pai","timestamp":1783759659705}
[16:58:02.888] [PAI SDK] CloudServer received reload event: {"url":"aipa://pai-preview-trae-9f308e9b.aipa-cloud.bytedance.net?type=pai","timestamp":1783759659705}
[16:58:02.888] [PAI SDK] reload, url = https://sd62opo6oqou1ckhsuo00.apigateway-cn-beijing.volceapi.com/?faasInstanceName=vefaas-f0vkicge-zwx1wbt5u0-d98vu1g2kp5jedib2ttg-sandbox&hash=pai-preview-trae-9f308e9b
[16:58:02.888] [PAI SDK] cloudServer.update response: {
  "status": "running",
  "reload": false,
  "hash": "pai-preview-trae-9f308e9b"
}
[16:58:02.888] Update success (pai.updateCloudDev returned)
[16:58:02.999] [PAI SDK] Received event: log {"content":"<i> [webpack-dev-middleware] wait until bundle finished: /\n","timestamp":1783759659812}
[16:58:03.754] [PAI SDK] Received event: log {"content":"🙅   编译失败. 7/11/2026, 4:47:40 PM\n\n","timestamp":1783759660566}
[16:58:03.775] [PAI SDK] Received event: compile_error [{"filename":"","lineNumber":0,"description":"ERROR in ./src/app.config.ts 97:15-43\nModule not found: Error: Can't resolve './pages/plan/index' in '/src'\nresolve './pages/plan/index' in '/src'\n  using description file: /package.json (relative path: ./src)\n    resolve multi platform file path\n      using description file: /package.json (relative path: ./src)\n        Field 'browser' doesn't contain a valid alias configuration\n        root path /package.json (relative path: ./src/pages/plan/index)\n            no extension\n              Field 'browser' doesn't contain a valid alias configuration\n              /src/pages/plan/index doesn't exist\n            .js\n              Field 'browser' doesn't contain a valid alias configuration\n              /src/pages/plan/index.js doesn't exist\n            .jsx\n              Field 'browser' doesn't contain a valid alias configuration\n              /src/pages/plan/index.jsx doesn't exist\n            .ts\n              Field 'browser' doesn't contain a valid alias configuration\n              /src/pages/plan/index.ts doesn't exist\n            .tsx\n              Field 'browser' doesn't contain a valid alias configuration\n              /src/pages/plan/index.tsx doesn't exist\n            .mjs\n              Field 'browser' doesn't contain a valid alias configuration\n              /src/pages/plan/index.mjs doesn't exist\n            .vue\n              Field 'browser' doesn't contain a valid alias configuration\n              /src/pages/plan/index.vue doesn't exist\n            as directory\n              /src/pages/plan/index doesn't exist\n        using description file: /package.json (relative path: ./src/pages/plan/index)\n          no extension\n            Field 'browser' doesn't contain a valid alias configuration\n            /src/pages/plan/index doesn't exist\n          .js\n            Field 'browser' doesn't contain a valid alias configuration\n            /src/pages/plan/index.js doesn't exist\n          .jsx\n            Field 'browser' doesn't contain a valid alias configuration\n            /src/pages/plan/index.jsx doesn't exist\n          .ts\n            Field 'browser' doesn't contain a valid alias configuration\n            /src/pages/plan/index.ts doesn't exist\n          .tsx\n            Field 'browser' doesn't contain a valid alias configuration\n            /src/pages/plan/index.tsx doesn't exist\n          .mjs\n            Field 'browser' doesn't contain a valid alias configuration\n            /src/pages/plan/index.mjs doesn't exist\n          .vue\n            Field 'browser' doesn't contain a valid alias configuration\n            /src/pages/plan/index.vue doesn't exist\n          as directory\n            /src/pages/plan/index doesn't exist\n\nERROR in ./src/app.config.ts 114:15-44\nModule not found: Error: Can't resolve './pages/wrong/index' in '/src'\nresolve './pages/wrong/index' in '/src'\n  using description file: /package.json (relative path: ./src)\n    resolve multi platform file path\n      using description file: /package.json (relative path: ./src)\n        Field 'browser' doesn't contain a valid alias configuration\n        root path /package.json (relative path: ./src/pages/wrong/index)\n            no extension\n              Field 'browser' doesn't contain a valid alias configuration\n              /src/pages/wrong/index doesn't exist\n            .js\n              Field 'browser' doesn't contain a valid alias configuration\n              /src/pages/wrong/index.js doesn't exist\n            .jsx\n              Field 'browser' doesn't contain a valid alias configuration\n              /src/pages/wrong/index.jsx doesn't exist\n            .ts\n              Field 'browser' doesn't contain a valid alias configuration\n              /src/pages/wrong/index.ts doesn't exist\n            .tsx\n              Field 'browser' doesn't contain a valid alias configuration\n              /src/pages/wrong/index.tsx doesn't exist\n            .mjs\n              Field 'browser' doesn't contain a valid alias configuration\n              /src/pages/wrong/index.mjs doesn't exist\n            .vue\n              Field 'browser' doesn't contain a valid alias configuration\n              /src/pages/wrong/index.vue doesn't exist\n            as directory\n              /src/pages/wrong/index doesn't exist\n        using description file: /package.json (relative path: ./src/pages/wrong/index)\n          no extension\n            Field 'browser' doesn't contain a valid alias configuration\n            /src/pages/wrong/index doesn't exist\n          .js\n            Field 'browser' doesn't contain a valid alias configuration\n            /src/pages/wrong/index.js doesn't exist\n          .jsx\n            Field 'browser' doesn't contain a valid alias configuration\n            /src/pages/wrong/index.jsx doesn't exist\n          .ts\n            Field 'browser' doesn't contain a valid alias configuration\n            /src/pages/wrong/index.ts doesn't exist\n          .tsx\n            Field 'browser' doesn't contain a valid alias configuration\n            /src/pages/wrong/index.tsx doesn't exist\n          .mjs\n            Field 'browser' doesn't contain a valid alias configuration\n            /src/pages/wrong/index.mjs doesn't exist\n          .vue\n            Field 'browser' doesn't contain a valid alias configuration\n            /src/pages/wrong/index.vue doesn't exist\n          as directory\n            /src/pages/wrong/index doesn't exist","timestamp":1783759660594}]
[16:58:03.843] [PAI SDK] Received event: log {"content":"resolve './pages/plan/index' in '/tmp/pai-cloud-build/11OL3qNyS4YeBx3T7xl7t/src'\n  using description file: /tmp/pai-cloud-build/11OL3qNyS4YeBx3T7xl7t/package.json (relative path: ./src)\n    resolve multi platform file path\n      using description file: /tmp/pai-cloud-build/11OL3qNyS4YeBx3T7xl7t/package.json (relative path: ./src)\n        Field 'browser' doesn't contain a valid alias configuration\n        root path /tmp/pai-cloud-build/11OL3qNyS4YeBx3T7xl7t\n          using description file: /tmp/pai-cloud-build/11OL3qNyS4YeBx3T7xl7t/package.json (relative path: ./tmp/pai-cloud-build/11OL3qNyS4YeBx3T7xl7t/src/pages/plan/index)\n            no extension\n              Field 'browser' doesn't contain a valid alias configuration\n              /tmp/pai-cloud-build/11OL3qNyS4YeBx3T7xl7t/tmp/pai-cloud-build/11OL3qNyS4YeBx3T7xl7t/src/pages/plan/index doesn't exist\n            .js\n              Field 'browser' doesn't contain a valid alias configuration\n              /tmp/pai-cloud-build/11OL3qNyS4YeBx3T7xl7t/tmp/pai-cloud-build/11OL3qNyS4YeBx3T7xl7t/src/pages/plan/index.js doesn't exist\n            .jsx\n              Field 'browser' doesn't contain a valid alias configuration\n              /tmp/pai-cloud-build/11OL3qNyS4YeBx3T7xl7t/tmp/pai-cloud-build/11OL3qNyS4YeBx3T7xl7t/src/pages/plan/index.jsx doesn't exist\n            .ts\n              Field 'browser' doesn't contain a valid alias configuration\n              /tmp/pai-cloud-build/11OL3qNyS4YeBx3T7xl7t/tmp/pai-cloud-build/11OL3qNyS4YeBx3T7xl7t/src/pages/plan/index.ts doesn't exist\n            .tsx\n              Field 'browser' doesn't contain a valid alias configuration\n              /tmp/pai-cloud-build/11OL3qNyS4YeBx3T7xl7t/tmp/pai-cloud-build/11OL3qNyS4YeBx3T7xl7t/src/pages/plan/index.tsx doesn't exist\n            .mjs\n              Field 'browser' doesn't contain a valid alias configuration\n              /tmp/pai-cloud-build/11OL3qNyS4YeBx3T7xl7t/tmp/pai-cloud-build/11OL3qNyS4YeBx3T7xl7t/src/pages/plan/index.mjs doesn't exist\n            .vue\n              Field 'browser' doesn't contain a valid alias configuration\n              /tmp/pai-cloud-build/11OL3qNyS4YeBx3T7xl7t/tmp/pai-cloud-build/11OL3qNyS4YeBx3T7xl7t/src/pages/plan/index.vue doesn't exist\n            as directory\n              /tmp/pai-cloud-build/11OL3qNyS4YeBx3T7xl7t/tmp/pai-cloud-build/11OL3qNyS4YeBx3T7xl7t/src/pages/plan/index doesn't exist\n        using description file: /tmp/pai-cloud-build/11OL3qNyS4YeBx3T7xl7t/package.json (relative path: ./src/pages/plan/index)\n          no extension\n            Field 'browser' doesn't contain a valid alias configuration\n            /tmp/pai-cloud-build/11OL3qNyS4YeBx3T7xl7t/src/pages/plan/index doesn't exist\n          .js\n            Field 'browser' doesn't contain a valid alias configuration\n            /tmp/pai-cloud-build/11OL3qNyS4YeBx3T7xl7t/src/pages/plan/index.js doesn't exist\n          .jsx\n            Field 'browser' doesn't contain a valid alias configuration\n            /tmp/pai-cloud-build/11OL3qNyS4YeBx3T7xl7t/src/pages/plan/index.jsx doesn't exist\n          .ts\n            Field 'browser' doesn't contain a valid alias configuration\n            /tmp/pai-cloud-build/11OL3qNyS4YeBx3T7xl7t/src/pages/plan/index.ts doesn't exist\n          .tsx\n            Field 'browser' doesn't contain a valid alias configuration\n            /tmp/pai-cloud-build/11OL3qNyS4YeBx3T7xl7t/src/pages/plan/index.tsx doesn't exist\n          .mjs\n            Field 'browser' doesn't contain a valid alias configuration\n            /tmp/pai-cloud-build/11OL3qNyS4YeBx3T7xl7t/src/pages/plan/index.mjs doesn't exist\n          .vue\n            Field 'browser' doesn't contain a valid alias configuration\n            /tmp/pai-cloud-build/11OL3qNyS4YeBx3T7xl7t/src/pages/plan/index.vue doesn't exist\n          as directory\n            /tmp/pai-cloud-build/11OL3qNyS4YeBx3T7xl7t/src/pages/plan/index doesn't exist\n\n","timestamp":1783759660666}
[16:58:07.920] File change detected. Updating...
[16:58:07.933] readProjectFiles, Found 57 files to read.
[16:58:07.977] Files read. Count: 57
[16:58:07.978] Calling pai.updateCloudDev...
[16:58:07.978] [PAI SDK] cloudServer.update called, appId: pai-preview-trae-9f308e9b
[16:58:08.159] [PAI SDK] Received event: reload {"url":"aipa://pai-preview-trae-9f308e9b.aipa-cloud.bytedance.net?type=pai","timestamp":1783759664975}
[16:58:08.160] [PAI SDK] CloudServer received reload event: {"url":"aipa://pai-preview-trae-9f308e9b.aipa-cloud.bytedance.net?type=pai","timestamp":1783759664975}
[16:58:08.160] [PAI SDK] reload, url = https://sd62opo6oqou1ckhsuo00.apigateway-cn-beijing.volceapi.com/?faasInstanceName=vefaas-f0vkicge-zwx1wbt5u0-d98vu1g2kp5jedib2ttg-sandbox&hash=pai-preview-trae-9f308e9b
[16:58:08.160] [PAI SDK] cloudServer.update response: {
  "status": "running",
  "reload": false,
  "hash": "pai-preview-trae-9f308e9b"
}
[16:58:08.160] Update success (pai.updateCloudDev returned)
[16:58:08.259] [PAI SDK] Received event: log {"content":"<i> [webpack-dev-middleware] wait until bundle finished: /\n","timestamp":1783759665076}
[16:58:09.012] [PAI SDK] Received event: log {"content":"🙅   编译失败. 7/11/2026, 4:47:45 PM\n\n","timestamp":1783759665815}
[16:58:09.015] [PAI SDK] Received event: compile_error [{"filename":"","lineNumber":0,"description":"ERROR in ./src/app.config.ts 97:15-43\nModule not found: Error: Can't resolve './pages/plan/index' in '/src'\nresolve './pages/plan/index' in '/src'\n  using description file: /package.json (relative path: ./src)\n    resolve multi platform file path\n      using description file: /package.json (relative path: ./src)\n        Field 'browser' doesn't contain a valid alias configuration\n        root path /package.json (relative path: ./src/pages/plan/index)\n            no extension\n              Field 'browser' doesn't contain a valid alias configuration\n              /src/pages/plan/index doesn't exist\n            .js\n              Field 'browser' doesn't contain a valid alias configuration\n              /src/pages/plan/index.js doesn't exist\n            .jsx\n              Field 'browser' doesn't contain a valid alias configuration\n              /src/pages/plan/index.jsx doesn't exist\n            .ts\n              Field 'browser' doesn't contain a valid alias configuration\n              /src/pages/plan/index.ts doesn't exist\n            .tsx\n              Field 'browser' doesn't contain a valid alias configuration\n              /src/pages/plan/index.tsx doesn't exist\n            .mjs\n              Field 'browser' doesn't contain a valid alias configuration\n              /src/pages/plan/index.mjs doesn't exist\n            .vue\n              Field 'browser' doesn't contain a valid alias configuration\n              /src/pages/plan/index.vue doesn't exist\n            as directory\n              /src/pages/plan/index doesn't exist\n        using description file: /package.json (relative path: ./src/pages/plan/index)\n          no extension\n            Field 'browser' doesn't contain a valid alias configuration\n            /src/pages/plan/index doesn't exist\n          .js\n            Field 'browser' doesn't contain a valid alias configuration\n            /src/pages/plan/index.js doesn't exist\n          .jsx\n            Field 'browser' doesn't contain a valid alias configuration\n            /src/pages/plan/index.jsx doesn't exist\n          .ts\n            Field 'browser' doesn't contain a valid alias configuration\n            /src/pages/plan/index.ts doesn't exist\n          .tsx\n            Field 'browser' doesn't contain a valid alias configuration\n            /src/pages/plan/index.tsx doesn't exist\n          .mjs\n            Field 'browser' doesn't contain a valid alias configuration\n            /src/pages/plan/index.mjs doesn't exist\n          .vue\n            Field 'browser' doesn't contain a valid alias configuration\n            /src/pages/plan/index.vue doesn't exist\n          as directory\n            /src/pages/plan/index doesn't exist\n\nERROR in ./src/app.config.ts 114:15-44\nModule not found: Error: Can't resolve './pages/wrong/index' in '/src'\nresolve './pages/wrong/index' in '/src'\n  using description file: /package.json (relative path: ./src)\n    resolve multi platform file path\n      using description file: /package.json (relative path: ./src)\n        Field 'browser' doesn't contain a valid alias configuration\n        root path /package.json (relative path: ./src/pages/wrong/index)\n            no extension\n              Field 'browser' doesn't contain a valid alias configuration\n              /src/pages/wrong/index doesn't exist\n            .js\n              Field 'browser' doesn't contain a valid alias configuration\n              /src/pages/wrong/index.js doesn't exist\n            .jsx\n              Field 'browser' doesn't contain a valid alias configuration\n              /src/pages/wrong/index.jsx doesn't exist\n            .ts\n              Field 'browser' doesn't contain a valid alias configuration\n              /src/pages/wrong/index.ts doesn't exist\n            .tsx\n              Field 'browser' doesn't contain a valid alias configuration\n              /src/pages/wrong/index.tsx doesn't exist\n            .mjs\n              Field 'browser' doesn't contain a valid alias configuration\n              /src/pages/wrong/index.mjs doesn't exist\n            .vue\n              Field 'browser' doesn't contain a valid alias configuration\n              /src/pages/wrong/index.vue doesn't exist\n            as directory\n              /src/pages/wrong/index doesn't exist\n        using description file: /package.json (relative path: ./src/pages/wrong/index)\n          no extension\n            Field 'browser' doesn't contain a valid alias configuration\n            /src/pages/wrong/index doesn't exist\n          .js\n            Field 'browser' doesn't contain a valid alias configuration\n            /src/pages/wrong/index.js doesn't exist\n          .jsx\n            Field 'browser' doesn't contain a valid alias configuration\n            /src/pages/wrong/index.jsx doesn't exist\n          .ts\n            Field 'browser' doesn't contain a valid alias configuration\n            /src/pages/wrong/index.ts doesn't exist\n          .tsx\n            Field 'browser' doesn't contain a valid alias configuration\n            /src/pages/wrong/index.tsx doesn't exist\n          .mjs\n            Field 'browser' doesn't contain a valid alias configuration\n            /src/pages/wrong/index.mjs doesn't exist\n          .vue\n            Field 'browser' doesn't contain a valid alias configuration\n            /src/pages/wrong/index.vue doesn't exist\n          as directory\n            /src/pages/wrong/index doesn't exist","timestamp":1783759665839}]
[16:58:09.095] [PAI SDK] Received event: log {"content":"resolve './pages/plan/index' in '/tmp/pai-cloud-build/11OL3qNyS4YeBx3T7xl7t/src'\n  using description file: /tmp/pai-cloud-build/11OL3qNyS4YeBx3T7xl7t/package.json (relative path: ./src)\n    resolve multi platform file path\n      using description file: /tmp/pai-cloud-build/11OL3qNyS4YeBx3T7xl7t/package.json (relative path: ./src)\n        Field 'browser' doesn't contain a valid alias configuration\n        root path /tmp/pai-cloud-build/11OL3qNyS4YeBx3T7xl7t\n          using description file: /tmp/pai-cloud-build/11OL3qNyS4YeBx3T7xl7t/package.json (relative path: ./tmp/pai-cloud-build/11OL3qNyS4YeBx3T7xl7t/src/pages/plan/index)\n            no extension\n              Field 'browser' doesn't contain a valid alias configuration\n              /tmp/pai-cloud-build/11OL3qNyS4YeBx3T7xl7t/tmp/pai-cloud-build/11OL3qNyS4YeBx3T7xl7t/src/pages/plan/index doesn't exist\n            .js\n              Field 'browser' doesn't contain a valid alias configuration\n              /tmp/pai-cloud-build/11OL3qNyS4YeBx3T7xl7t/tmp/pai-cloud-build/11OL3qNyS4YeBx3T7xl7t/src/pages/plan/index.js doesn't exist\n            .jsx\n              Field 'browser' doesn't contain a valid alias configuration\n              /tmp/pai-cloud-build/11OL3qNyS4YeBx3T7xl7t/tmp/pai-cloud-build/11OL3qNyS4YeBx3T7xl7t/src/pages/plan/index.jsx doesn't exist\n            .ts\n              Field 'browser' doesn't contain a valid alias configuration\n              /tmp/pai-cloud-build/11OL3qNyS4YeBx3T7xl7t/tmp/pai-cloud-build/11OL3qNyS4YeBx3T7xl7t/src/pages/plan/index.ts doesn't exist\n            .tsx\n              Field 'browser' doesn't contain a valid alias configuration\n              /tmp/pai-cloud-build/11OL3qNyS4YeBx3T7xl7t/tmp/pai-cloud-build/11OL3qNyS4YeBx3T7xl7t/src/pages/plan/index.tsx doesn't exist\n            .mjs\n              Field 'browser' doesn't contain a valid alias configuration\n              /tmp/pai-cloud-build/11OL3qNyS4YeBx3T7xl7t/tmp/pai-cloud-build/11OL3qNyS4YeBx3T7xl7t/src/pages/plan/index.mjs doesn't exist\n            .vue\n              Field 'browser' doesn't contain a valid alias configuration\n              /tmp/pai-cloud-build/11OL3qNyS4YeBx3T7xl7t/tmp/pai-cloud-build/11OL3qNyS4YeBx3T7xl7t/src/pages/plan/index.vue doesn't exist\n            as directory\n              /tmp/pai-cloud-build/11OL3qNyS4YeBx3T7xl7t/tmp/pai-cloud-build/11OL3qNyS4YeBx3T7xl7t/src/pages/plan/index doesn't exist\n        using description file: /tmp/pai-cloud-build/11OL3qNyS4YeBx3T7xl7t/package.json (relative path: ./src/pages/plan/index)\n          no extension\n            Field 'browser' doesn't contain a valid alias configuration\n            /tmp/pai-cloud-build/11OL3qNyS4YeBx3T7xl7t/src/pages/plan/index doesn't exist\n          .js\n            Field 'browser' doesn't contain a valid alias configuration\n            /tmp/pai-cloud-build/11OL3qNyS4YeBx3T7xl7t/src/pages/plan/index.js doesn't exist\n          .jsx\n            Field 'browser' doesn't contain a valid alias configuration\n            /tmp/pai-cloud-build/11OL3qNyS4YeBx3T7xl7t/src/pages/plan/index.jsx doesn't exist\n          .ts\n            Field 'browser' doesn't contain a valid alias configuration\n            /tmp/pai-cloud-build/11OL3qNyS4YeBx3T7xl7t/src/pages/plan/index.ts doesn't exist\n          .tsx\n            Field 'browser' doesn't contain a valid alias configuration\n            /tmp/pai-cloud-build/11OL3qNyS4YeBx3T7xl7t/src/pages/plan/index.tsx doesn't exist\n          .mjs\n            Field 'browser' doesn't contain a valid alias configuration\n            /tmp/pai-cloud-build/11OL3qNyS4YeBx3T7xl7t/src/pages/plan/index.mjs doesn't exist\n          .vue\n            Field 'browser' doesn't contain a valid alias configuration\n            /tmp/pai-cloud-build/11OL3qNyS4YeBx3T7xl7t/src/pages/plan/index.vue doesn't exist\n          as directory\n            /tmp/pai-cloud-build/11OL3qNyS4YeBx3T7xl7t/src/pages/plan/index doesn't exist\n\n","timestamp":1783759665916}
[16:58:21.287] File change detected. Updating...
[16:58:21.301] readProjectFiles, Found 58 files to read.
[16:58:21.347] Files read. Count: 58
[16:58:21.347] Calling pai.updateCloudDev...
[16:58:21.347] [PAI SDK] cloudServer.update called, appId: pai-preview-trae-9f308e9b
[16:58:21.531] [PAI SDK] Received event: reload {"url":"aipa://pai-preview-trae-9f308e9b.aipa-cloud.bytedance.net?type=pai","timestamp":1783759678353}
[16:58:21.531] [PAI SDK] CloudServer received reload event: {"url":"aipa://pai-preview-trae-9f308e9b.aipa-cloud.bytedance.net?type=pai","timestamp":1783759678353}
[16:58:21.531] [PAI SDK] reload, url = https://sd62opo6oqou1ckhsuo00.apigateway-cn-beijing.volceapi.com/?faasInstanceName=vefaas-f0vkicge-zwx1wbt5u0-d98vu1g2kp5jedib2ttg-sandbox&hash=pai-preview-trae-9f308e9b
[16:58:21.532] [PAI SDK] cloudServer.update response: {
  "status": "running",
  "reload": false,
  "hash": "pai-preview-trae-9f308e9b"
}
[16:58:21.532] Update success (pai.updateCloudDev returned)
[16:58:21.659] [PAI SDK] Received event: log {"content":"<i> [webpack-dev-middleware] wait until bundle finished: /\n","timestamp":1783759678459}
[16:58:22.438] [PAI SDK] Received event: log {"content":"🙅   编译失败. 7/11/2026, 4:47:59 PM\n\n","timestamp":1783759679176}
[16:58:22.442] [PAI SDK] Received event: compile_error [{"filename":"","lineNumber":0,"description":"ERROR in ./src/app.config.ts 97:15-43\nModule not found: Error: Can't resolve './pages/plan/index' in '/src'\nresolve './pages/plan/index' in '/src'\n  using description file: /package.json (relative path: ./src)\n    resolve multi platform file path\n      using description file: /package.json (relative path: ./src)\n        Field 'browser' doesn't contain a valid alias configuration\n        root path /package.json (relative path: ./src/pages/plan/index)\n            no extension\n              Field 'browser' doesn't contain a valid alias configuration\n              /src/pages/plan/index doesn't exist\n            .js\n              Field 'browser' doesn't contain a valid alias configuration\n              /src/pages/plan/index.js doesn't exist\n            .jsx\n              Field 'browser' doesn't contain a valid alias configuration\n              /src/pages/plan/index.jsx doesn't exist\n            .ts\n              Field 'browser' doesn't contain a valid alias configuration\n              /src/pages/plan/index.ts doesn't exist\n            .tsx\n              Field 'browser' doesn't contain a valid alias configuration\n              /src/pages/plan/index.tsx doesn't exist\n            .mjs\n              Field 'browser' doesn't contain a valid alias configuration\n              /src/pages/plan/index.mjs doesn't exist\n            .vue\n              Field 'browser' doesn't contain a valid alias configuration\n              /src/pages/plan/index.vue doesn't exist\n            as directory\n              /src/pages/plan/index doesn't exist\n        using description file: /package.json (relative path: ./src/pages/plan/index)\n          no extension\n            Field 'browser' doesn't contain a valid alias configuration\n            /src/pages/plan/index doesn't exist\n          .js\n            Field 'browser' doesn't contain a valid alias configuration\n            /src/pages/plan/index.js doesn't exist\n          .jsx\n            Field 'browser' doesn't contain a valid alias configuration\n            /src/pages/plan/index.jsx doesn't exist\n          .ts\n            Field 'browser' doesn't contain a valid alias configuration\n            /src/pages/plan/index.ts doesn't exist\n          .tsx\n            Field 'browser' doesn't contain a valid alias configuration\n            /src/pages/plan/index.tsx doesn't exist\n          .mjs\n            Field 'browser' doesn't contain a valid alias configuration\n            /src/pages/plan/index.mjs doesn't exist\n          .vue\n            Field 'browser' doesn't contain a valid alias configuration\n            /src/pages/plan/index.vue doesn't exist\n          as directory\n            /src/pages/plan/index doesn't exist\n\nERROR in ./src/app.config.ts 114:15-44\nModule not found: Error: Can't resolve './pages/wrong/index' in '/src'\nresolve './pages/wrong/index' in '/src'\n  using description file: /package.json (relative path: ./src)\n    resolve multi platform file path\n      using description file: /package.json (relative path: ./src)\n        Field 'browser' doesn't contain a valid alias configuration\n        root path /package.json (relative path: ./src/pages/wrong/index)\n            no extension\n              Field 'browser' doesn't contain a valid alias configuration\n              /src/pages/wrong/index doesn't exist\n            .js\n              Field 'browser' doesn't contain a valid alias configuration\n              /src/pages/wrong/index.js doesn't exist\n            .jsx\n              Field 'browser' doesn't contain a valid alias configuration\n              /src/pages/wrong/index.jsx doesn't exist\n            .ts\n              Field 'browser' doesn't contain a valid alias configuration\n              /src/pages/wrong/index.ts doesn't exist\n            .tsx\n              Field 'browser' doesn't contain a valid alias configuration\n              /src/pages/wrong/index.tsx doesn't exist\n            .mjs\n              Field 'browser' doesn't contain a valid alias configuration\n              /src/pages/wrong/index.mjs doesn't exist\n            .vue\n              Field 'browser' doesn't contain a valid alias configuration\n              /src/pages/wrong/index.vue doesn't exist\n            as directory\n              /src/pages/wrong/index doesn't exist\n        using description file: /package.json (relative path: ./src/pages/wrong/index)\n          no extension\n            Field 'browser' doesn't contain a valid alias configuration\n            /src/pages/wrong/index doesn't exist\n          .js\n            Field 'browser' doesn't contain a valid alias configuration\n            /src/pages/wrong/index.js doesn't exist\n          .jsx\n            Field 'browser' doesn't contain a valid alias configuration\n            /src/pages/wrong/index.jsx doesn't exist\n          .ts\n            Field 'browser' doesn't contain a valid alias configuration\n            /src/pages/wrong/index.ts doesn't exist\n          .tsx\n            Field 'browser' doesn't contain a valid alias configuration\n            /src/pages/wrong/index.tsx doesn't exist\n          .mjs\n            Field 'browser' doesn't contain a valid alias configuration\n            /src/pages/wrong/index.mjs doesn't exist\n          .vue\n            Field 'browser' doesn't contain a valid alias configuration\n            /src/pages/wrong/index.vue doesn't exist\n          as directory\n            /src/pages/wrong/index doesn't exist","timestamp":1783759679184}]
[16:58:22.454] [PAI SDK] Received event: log {"content":"resolve './pages/plan/index' in '/tmp/pai-cloud-build/11OL3qNyS4YeBx3T7xl7t/src'\n  using description file: /tmp/pai-cloud-build/11OL3qNyS4YeBx3T7xl7t/package.json (relative path: ./src)\n    resolve multi platform file path\n      using description file: /tmp/pai-cloud-build/11OL3qNyS4YeBx3T7xl7t/package.json (relative path: ./src)\n        Field 'browser' doesn't contain a valid alias configuration\n        root path /tmp/pai-cloud-build/11OL3qNyS4YeBx3T7xl7t\n          using description file: /tmp/pai-cloud-build/11OL3qNyS4YeBx3T7xl7t/package.json (relative path: ./tmp/pai-cloud-build/11OL3qNyS4YeBx3T7xl7t/src/pages/plan/index)\n            no extension\n              Field 'browser' doesn't contain a valid alias configuration\n              /tmp/pai-cloud-build/11OL3qNyS4YeBx3T7xl7t/tmp/pai-cloud-build/11OL3qNyS4YeBx3T7xl7t/src/pages/plan/index doesn't exist\n            .js\n              Field 'browser' doesn't contain a valid alias configuration\n              /tmp/pai-cloud-build/11OL3qNyS4YeBx3T7xl7t/tmp/pai-cloud-build/11OL3qNyS4YeBx3T7xl7t/src/pages/plan/index.js doesn't exist\n            .jsx\n              Field 'browser' doesn't contain a valid alias configuration\n              /tmp/pai-cloud-build/11OL3qNyS4YeBx3T7xl7t/tmp/pai-cloud-build/11OL3qNyS4YeBx3T7xl7t/src/pages/plan/index.jsx doesn't exist\n            .ts\n              Field 'browser' doesn't contain a valid alias configuration\n              /tmp/pai-cloud-build/11OL3qNyS4YeBx3T7xl7t/tmp/pai-cloud-build/11OL3qNyS4YeBx3T7xl7t/src/pages/plan/index.ts doesn't exist\n            .tsx\n              Field 'browser' doesn't contain a valid alias configuration\n              /tmp/pai-cloud-build/11OL3qNyS4YeBx3T7xl7t/tmp/pai-cloud-build/11OL3qNyS4YeBx3T7xl7t/src/pages/plan/index.tsx doesn't exist\n            .mjs\n              Field 'browser' doesn't contain a valid alias configuration\n              /tmp/pai-cloud-build/11OL3qNyS4YeBx3T7xl7t/tmp/pai-cloud-build/11OL3qNyS4YeBx3T7xl7t/src/pages/plan/index.mjs doesn't exist\n            .vue\n              Field 'browser' doesn't contain a valid alias configuration\n              /tmp/pai-cloud-build/11OL3qNyS4YeBx3T7xl7t/tmp/pai-cloud-build/11OL3qNyS4YeBx3T7xl7t/src/pages/plan/index.vue doesn't exist\n            as directory\n              /tmp/pai-cloud-build/11OL3qNyS4YeBx3T7xl7t/tmp/pai-cloud-build/11OL3qNyS4YeBx3T7xl7t/src/pages/plan/index doesn't exist\n        using description file: /tmp/pai-cloud-build/11OL3qNyS4YeBx3T7xl7t/package.json (relative path: ./src/pages/plan/index)\n          no extension\n            Field 'browser' doesn't contain a valid alias configuration\n            /tmp/pai-cloud-build/11OL3qNyS4YeBx3T7xl7t/src/pages/plan/index doesn't exist\n          .js\n            Field 'browser' doesn't contain a valid alias configuration\n            /tmp/pai-cloud-build/11OL3qNyS4YeBx3T7xl7t/src/pages/plan/index.js doesn't exist\n          .jsx\n            Field 'browser' doesn't contain a valid alias configuration\n            /tmp/pai-cloud-build/11OL3qNyS4YeBx3T7xl7t/src/pages/plan/index.jsx doesn't exist\n          .ts\n            Field 'browser' doesn't contain a valid alias configuration\n            /tmp/pai-cloud-build/11OL3qNyS4YeBx3T7xl7t/src/pages/plan/index.ts doesn't exist\n          .tsx\n            Field 'browser' doesn't contain a valid alias configuration\n            /tmp/pai-cloud-build/11OL3qNyS4YeBx3T7xl7t/src/pages/plan/index.tsx doesn't exist\n          .mjs\n            Field 'browser' doesn't contain a valid alias configuration\n            /tmp/pai-cloud-build/11OL3qNyS4YeBx3T7xl7t/src/pages/plan/index.mjs doesn't exist\n          .vue\n            Field 'browser' doesn't contain a valid alias configuration\n            /tmp/pai-cloud-build/11OL3qNyS4YeBx3T7xl7t/src/pages/plan/index.vue doesn't exist\n          as directory\n            /tmp/pai-cloud-build/11OL3qNyS4YeBx3T7xl7t/src/pages/plan/index doesn't exist\n\n","timestamp":1783759679276}
[16:58:53.634] File change detected. Updating...
[16:58:53.649] readProjectFiles, Found 59 files to read.
[16:58:53.693] Files read. Count: 59
[16:58:53.693] Calling pai.updateCloudDev...
[16:58:53.694] [PAI SDK] cloudServer.update called, appId: pai-preview-trae-9f308e9b
[16:58:54.999] [PAI SDK] Received event: reload {"url":"aipa://pai-preview-trae-9f308e9b.aipa-cloud.bytedance.net?type=pai","timestamp":1783759711823}
[16:58:54.999] [PAI SDK] CloudServer received reload event: {"url":"aipa://pai-preview-trae-9f308e9b.aipa-cloud.bytedance.net?type=pai","timestamp":1783759711823}
[16:58:54.999] [PAI SDK] reload, url = https://sd62opo6oqou1ckhsuo00.apigateway-cn-beijing.volceapi.com/?faasInstanceName=vefaas-f0vkicge-zwx1wbt5u0-d98vu1g2kp5jedib2ttg-sandbox&hash=pai-preview-trae-9f308e9b
[16:58:55.000] [PAI SDK] cloudServer.update response: {
  "status": "running",
  "reload": false,
  "hash": "pai-preview-trae-9f308e9b"
}
[16:58:55.000] Update success (pai.updateCloudDev returned)
[16:58:55.100] [PAI SDK] Received event: log {"content":"<i> [webpack-dev-middleware] wait until bundle finished: /\n","timestamp":1783759711920}
[16:58:56.386] [PAI SDK] Received event: log {"content":"🙅   编译失败. 7/11/2026, 4:48:33 PM\n\n","timestamp":1783759713205}
[16:58:56.413] [PAI SDK] Received event: compile_error [{"filename":"","lineNumber":0,"description":"ERROR in ./src/app.config.ts 97:15-43\nModule not found: Error: Can't resolve './pages/plan/index' in '/src'\nresolve './pages/plan/index' in '/src'\n  using description file: /package.json (relative path: ./src)\n    resolve multi platform file path\n      using description file: /package.json (relative path: ./src)\n        Field 'browser' doesn't contain a valid alias configuration\n        root path /package.json (relative path: ./src/pages/plan/index)\n            no extension\n              Field 'browser' doesn't contain a valid alias configuration\n              /src/pages/plan/index doesn't exist\n            .js\n              Field 'browser' doesn't contain a valid alias configuration\n              /src/pages/plan/index.js doesn't exist\n            .jsx\n              Field 'browser' doesn't contain a valid alias configuration\n              /src/pages/plan/index.jsx doesn't exist\n            .ts\n              Field 'browser' doesn't contain a valid alias configuration\n              /src/pages/plan/index.ts doesn't exist\n            .tsx\n              Field 'browser' doesn't contain a valid alias configuration\n              /src/pages/plan/index.tsx doesn't exist\n            .mjs\n              Field 'browser' doesn't contain a valid alias configuration\n              /src/pages/plan/index.mjs doesn't exist\n            .vue\n              Field 'browser' doesn't contain a valid alias configuration\n              /src/pages/plan/index.vue doesn't exist\n            as directory\n              /src/pages/plan/index doesn't exist\n        using description file: /package.json (relative path: ./src/pages/plan/index)\n          no extension\n            Field 'browser' doesn't contain a valid alias configuration\n            /src/pages/plan/index doesn't exist\n          .js\n            Field 'browser' doesn't contain a valid alias configuration\n            /src/pages/plan/index.js doesn't exist\n          .jsx\n            Field 'browser' doesn't contain a valid alias configuration\n            /src/pages/plan/index.jsx doesn't exist\n          .ts\n            Field 'browser' doesn't contain a valid alias configuration\n            /src/pages/plan/index.ts doesn't exist\n          .tsx\n            Field 'browser' doesn't contain a valid alias configuration\n            /src/pages/plan/index.tsx doesn't exist\n          .mjs\n            Field 'browser' doesn't contain a valid alias configuration\n            /src/pages/plan/index.mjs doesn't exist\n          .vue\n            Field 'browser' doesn't contain a valid alias configuration\n            /src/pages/plan/index.vue doesn't exist\n          as directory\n            /src/pages/plan/index doesn't exist\n\nERROR in ./src/app.config.ts 114:15-44\nModule not found: Error: Can't resolve './pages/wrong/index' in '/src'\nresolve './pages/wrong/index' in '/src'\n  using description file: /package.json (relative path: ./src)\n    resolve multi platform file path\n      using description file: /package.json (relative path: ./src)\n        Field 'browser' doesn't contain a valid alias configuration\n        root path /package.json (relative path: ./src/pages/wrong/index)\n            no extension\n              Field 'browser' doesn't contain a valid alias configuration\n              /src/pages/wrong/index doesn't exist\n            .js\n              Field 'browser' doesn't contain a valid alias configuration\n              /src/pages/wrong/index.js doesn't exist\n            .jsx\n              Field 'browser' doesn't contain a valid alias configuration\n              /src/pages/wrong/index.jsx doesn't exist\n            .ts\n              Field 'browser' doesn't contain a valid alias configuration\n              /src/pages/wrong/index.ts doesn't exist\n            .tsx\n              Field 'browser' doesn't contain a valid alias configuration\n              /src/pages/wrong/index.tsx doesn't exist\n            .mjs\n              Field 'browser' doesn't contain a valid alias configuration\n              /src/pages/wrong/index.mjs doesn't exist\n            .vue\n              Field 'browser' doesn't contain a valid alias configuration\n              /src/pages/wrong/index.vue doesn't exist\n            as directory\n              /src/pages/wrong/index doesn't exist\n        using description file: /package.json (relative path: ./src/pages/wrong/index)\n          no extension\n            Field 'browser' doesn't contain a valid alias configuration\n            /src/pages/wrong/index doesn't exist\n          .js\n            Field 'browser' doesn't contain a valid alias configuration\n            /src/pages/wrong/index.js doesn't exist\n          .jsx\n            Field 'browser' doesn't contain a valid alias configuration\n            /src/pages/wrong/index.jsx doesn't exist\n          .ts\n            Field 'browser' doesn't contain a valid alias configuration\n            /src/pages/wrong/index.ts doesn't exist\n          .tsx\n            Field 'browser' doesn't contain a valid alias configuration\n            /src/pages/wrong/index.tsx doesn't exist\n          .mjs\n            Field 'browser' doesn't contain a valid alias configuration\n            /src/pages/wrong/index.mjs doesn't exist\n          .vue\n            Field 'browser' doesn't contain a valid alias configuration\n            /src/pages/wrong/index.vue doesn't exist\n          as directory\n            /src/pages/wrong/index doesn't exist","timestamp":1783759713236}]
[16:58:56.494] [PAI SDK] Received event: log {"content":"resolve './pages/plan/index' in '/tmp/pai-cloud-build/11OL3qNyS4YeBx3T7xl7t/src'\n  using description file: /tmp/pai-cloud-build/11OL3qNyS4YeBx3T7xl7t/package.json (relative path: ./src)\n    resolve multi platform file path\n      using description file: /tmp/pai-cloud-build/11OL3qNyS4YeBx3T7xl7t/package.json (relative path: ./src)\n        Field 'browser' doesn't contain a valid alias configuration\n        root path /tmp/pai-cloud-build/11OL3qNyS4YeBx3T7xl7t\n          using description file: /tmp/pai-cloud-build/11OL3qNyS4YeBx3T7xl7t/package.json (relative path: ./tmp/pai-cloud-build/11OL3qNyS4YeBx3T7xl7t/src/pages/plan/index)\n            no extension\n              Field 'browser' doesn't contain a valid alias configuration\n              /tmp/pai-cloud-build/11OL3qNyS4YeBx3T7xl7t/tmp/pai-cloud-build/11OL3qNyS4YeBx3T7xl7t/src/pages/plan/index doesn't exist\n            .js\n              Field 'browser' doesn't contain a valid alias configuration\n              /tmp/pai-cloud-build/11OL3qNyS4YeBx3T7xl7t/tmp/pai-cloud-build/11OL3qNyS4YeBx3T7xl7t/src/pages/plan/index.js doesn't exist\n            .jsx\n              Field 'browser' doesn't contain a valid alias configuration\n              /tmp/pai-cloud-build/11OL3qNyS4YeBx3T7xl7t/tmp/pai-cloud-build/11OL3qNyS4YeBx3T7xl7t/src/pages/plan/index.jsx doesn't exist\n            .ts\n              Field 'browser' doesn't contain a valid alias configuration\n              /tmp/pai-cloud-build/11OL3qNyS4YeBx3T7xl7t/tmp/pai-cloud-build/11OL3qNyS4YeBx3T7xl7t/src/pages/plan/index.ts doesn't exist\n            .tsx\n              Field 'browser' doesn't contain a valid alias configuration\n              /tmp/pai-cloud-build/11OL3qNyS4YeBx3T7xl7t/tmp/pai-cloud-build/11OL3qNyS4YeBx3T7xl7t/src/pages/plan/index.tsx doesn't exist\n            .mjs\n              Field 'browser' doesn't contain a valid alias configuration\n              /tmp/pai-cloud-build/11OL3qNyS4YeBx3T7xl7t/tmp/pai-cloud-build/11OL3qNyS4YeBx3T7xl7t/src/pages/plan/index.mjs doesn't exist\n            .vue\n              Field 'browser' doesn't contain a valid alias configuration\n              /tmp/pai-cloud-build/11OL3qNyS4YeBx3T7xl7t/tmp/pai-cloud-build/11OL3qNyS4YeBx3T7xl7t/src/pages/plan/index.vue doesn't exist\n            as directory\n              /tmp/pai-cloud-build/11OL3qNyS4YeBx3T7xl7t/tmp/pai-cloud-build/11OL3qNyS4YeBx3T7xl7t/src/pages/plan/index doesn't exist\n        using description file: /tmp/pai-cloud-build/11OL3qNyS4YeBx3T7xl7t/package.json (relative path: ./src/pages/plan/index)\n          no extension\n            Field 'browser' doesn't contain a valid alias configuration\n            /tmp/pai-cloud-build/11OL3qNyS4YeBx3T7xl7t/src/pages/plan/index doesn't exist\n          .js\n            Field 'browser' doesn't contain a valid alias configuration\n            /tmp/pai-cloud-build/11OL3qNyS4YeBx3T7xl7t/src/pages/plan/index.js doesn't exist\n          .jsx\n            Field 'browser' doesn't contain a valid alias configuration\n            /tmp/pai-cloud-build/11OL3qNyS4YeBx3T7xl7t/src/pages/plan/index.jsx doesn't exist\n          .ts\n            Field 'browser' doesn't contain a valid alias configuration\n            /tmp/pai-cloud-build/11OL3qNyS4YeBx3T7xl7t/src/pages/plan/index.ts doesn't exist\n          .tsx\n            Field 'browser' doesn't contain a valid alias configuration\n            /tmp/pai-cloud-build/11OL3qNyS4YeBx3T7xl7t/src/pages/plan/index.tsx doesn't exist\n          .mjs\n            Field 'browser' doesn't contain a valid alias configuration\n            /tmp/pai-cloud-build/11OL3qNyS4YeBx3T7xl7t/src/pages/plan/index.mjs doesn't exist\n          .vue\n            Field 'browser' doesn't contain a valid alias configuration\n            /tmp/pai-cloud-build/11OL3qNyS4YeBx3T7xl7t/src/pages/plan/index.vue doesn't exist\n          as directory\n            /tmp/pai-cloud-build/11OL3qNyS4YeBx3T7xl7t/src/pages/plan/index doesn't exist\n\n","timestamp":1783759713306}
[16:59:21.343] File change detected. Updating...
[16:59:21.358] readProjectFiles, Found 60 files to read.
[16:59:21.409] Files read. Count: 60
[16:59:21.410] Calling pai.updateCloudDev...
[16:59:21.410] [PAI SDK] cloudServer.update called, appId: pai-preview-trae-9f308e9b
[16:59:21.812] [PAI SDK] Received event: reload {"url":"aipa://pai-preview-trae-9f308e9b.aipa-cloud.bytedance.net?type=pai","timestamp":1783759738627}
[16:59:21.813] [PAI SDK] CloudServer received reload event: {"url":"aipa://pai-preview-trae-9f308e9b.aipa-cloud.bytedance.net?type=pai","timestamp":1783759738627}
[16:59:21.813] [PAI SDK] reload, url = https://sd62opo6oqou1ckhsuo00.apigateway-cn-beijing.volceapi.com/?faasInstanceName=vefaas-f0vkicge-zwx1wbt5u0-d98vu1g2kp5jedib2ttg-sandbox&hash=pai-preview-trae-9f308e9b
[16:59:21.813] [PAI SDK] cloudServer.update response: {
  "status": "running",
  "reload": false,
  "hash": "pai-preview-trae-9f308e9b"
}
[16:59:21.813] Update success (pai.updateCloudDev returned)
[16:59:23.519] [PAI SDK] Received event: log {"content":"🙅   编译失败. 7/11/2026, 4:49:00 PM\n\n","timestamp":1783759740345}
[16:59:23.561] [PAI SDK] Received event: compile_error [{"filename":"","lineNumber":0,"description":"ERROR in ./src/app.config.ts 114:15-44\nModule not found: Error: Can't resolve './pages/wrong/index' in '/src'\nresolve './pages/wrong/index' in '/src'\n  using description file: /package.json (relative path: ./src)\n    resolve multi platform file path\n      using description file: /package.json (relative path: ./src)\n        Field 'browser' doesn't contain a valid alias configuration\n        root path /package.json (relative path: ./src/pages/wrong/index)\n            no extension\n              Field 'browser' doesn't contain a valid alias configuration\n              /src/pages/wrong/index doesn't exist\n            .js\n              Field 'browser' doesn't contain a valid alias configuration\n              /src/pages/wrong/index.js doesn't exist\n            .jsx\n              Field 'browser' doesn't contain a valid alias configuration\n              /src/pages/wrong/index.jsx doesn't exist\n            .ts\n              Field 'browser' doesn't contain a valid alias configuration\n              /src/pages/wrong/index.ts doesn't exist\n            .tsx\n              Field 'browser' doesn't contain a valid alias configuration\n              /src/pages/wrong/index.tsx doesn't exist\n            .mjs\n              Field 'browser' doesn't contain a valid alias configuration\n              /src/pages/wrong/index.mjs doesn't exist\n            .vue\n              Field 'browser' doesn't contain a valid alias configuration\n              /src/pages/wrong/index.vue doesn't exist\n            as directory\n              /src/pages/wrong/index doesn't exist\n        using description file: /package.json (relative path: ./src/pages/wrong/index)\n          no extension\n            Field 'browser' doesn't contain a valid alias configuration\n            /src/pages/wrong/index doesn't exist\n          .js\n            Field 'browser' doesn't contain a valid alias configuration\n            /src/pages/wrong/index.js doesn't exist\n          .jsx\n            Field 'browser' doesn't contain a valid alias configuration\n            /src/pages/wrong/index.jsx doesn't exist\n          .ts\n            Field 'browser' doesn't contain a valid alias configuration\n            /src/pages/wrong/index.ts doesn't exist\n          .tsx\n            Field 'browser' doesn't contain a valid alias configuration\n            /src/pages/wrong/index.tsx doesn't exist\n          .mjs\n            Field 'browser' doesn't contain a valid alias configuration\n            /src/pages/wrong/index.mjs doesn't exist\n          .vue\n            Field 'browser' doesn't contain a valid alias configuration\n            /src/pages/wrong/index.vue doesn't exist\n          as directory\n            /src/pages/wrong/index doesn't exist","timestamp":1783759740371}]
[16:59:23.630] [PAI SDK] Received event: log {"content":"resolve './pages/wrong/index' in '/tmp/pai-cloud-build/11OL3qNyS4YeBx3T7xl7t/src'\n  using description file: /tmp/pai-cloud-build/11OL3qNyS4YeBx3T7xl7t/package.json (relative path: ./src)\n    resolve multi platform file path\n      using description file: /tmp/pai-cloud-build/11OL3qNyS4YeBx3T7xl7t/package.json (relative path: ./src)\n        Field 'browser' doesn't contain a valid alias configuration\n        root path /tmp/pai-cloud-build/11OL3qNyS4YeBx3T7xl7t\n          using description file: /tmp/pai-cloud-build/11OL3qNyS4YeBx3T7xl7t/package.json (relative path: ./tmp/pai-cloud-build/11OL3qNyS4YeBx3T7xl7t/src/pages/wrong/index)\n            no extension\n              Field 'browser' doesn't contain a valid alias configuration\n              /tmp/pai-cloud-build/11OL3qNyS4YeBx3T7xl7t/tmp/pai-cloud-build/11OL3qNyS4YeBx3T7xl7t/src/pages/wrong/index doesn't exist\n            .js\n              Field 'browser' doesn't contain a valid alias configuration\n              /tmp/pai-cloud-build/11OL3qNyS4YeBx3T7xl7t/tmp/pai-cloud-build/11OL3qNyS4YeBx3T7xl7t/src/pages/wrong/index.js doesn't exist\n            .jsx\n              Field 'browser' doesn't contain a valid alias configuration\n              /tmp/pai-cloud-build/11OL3qNyS4YeBx3T7xl7t/tmp/pai-cloud-build/11OL3qNyS4YeBx3T7xl7t/src/pages/wrong/index.jsx doesn't exist\n            .ts\n              Field 'browser' doesn't contain a valid alias configuration\n              /tmp/pai-cloud-build/11OL3qNyS4YeBx3T7xl7t/tmp/pai-cloud-build/11OL3qNyS4YeBx3T7xl7t/src/pages/wrong/index.ts doesn't exist\n            .tsx\n              Field 'browser' doesn't contain a valid alias configuration\n              /tmp/pai-cloud-build/11OL3qNyS4YeBx3T7xl7t/tmp/pai-cloud-build/11OL3qNyS4YeBx3T7xl7t/src/pages/wrong/index.tsx doesn't exist\n            .mjs\n              Field 'browser' doesn't contain a valid alias configuration\n              /tmp/pai-cloud-build/11OL3qNyS4YeBx3T7xl7t/tmp/pai-cloud-build/11OL3qNyS4YeBx3T7xl7t/src/pages/wrong/index.mjs doesn't exist\n            .vue\n              Field 'browser' doesn't contain a valid alias configuration\n              /tmp/pai-cloud-build/11OL3qNyS4YeBx3T7xl7t/tmp/pai-cloud-build/11OL3qNyS4YeBx3T7xl7t/src/pages/wrong/index.vue doesn't exist\n            as directory\n              /tmp/pai-cloud-build/11OL3qNyS4YeBx3T7xl7t/tmp/pai-cloud-build/11OL3qNyS4YeBx3T7xl7t/src/pages/wrong/index doesn't exist\n        using description file: /tmp/pai-cloud-build/11OL3qNyS4YeBx3T7xl7t/package.json (relative path: ./src/pages/wrong/index)\n          no extension\n            Field 'browser' doesn't contain a valid alias configuration\n            /tmp/pai-cloud-build/11OL3qNyS4YeBx3T7xl7t/src/pages/wrong/index doesn't exist\n          .js\n            Field 'browser' doesn't contain a valid alias configuration\n            /tmp/pai-cloud-build/11OL3qNyS4YeBx3T7xl7t/src/pages/wrong/index.js doesn't exist\n          .jsx\n            Field 'browser' doesn't contain a valid alias configuration\n            /tmp/pai-cloud-build/11OL3qNyS4YeBx3T7xl7t/src/pages/wrong/index.jsx doesn't exist\n          .ts\n            Field 'browser' doesn't contain a valid alias configuration\n            /tmp/pai-cloud-build/11OL3qNyS4YeBx3T7xl7t/src/pages/wrong/index.ts doesn't exist\n          .tsx\n            Field 'browser' doesn't contain a valid alias configuration\n            /tmp/pai-cloud-build/11OL3qNyS4YeBx3T7xl7t/src/pages/wrong/index.tsx doesn't exist\n          .mjs\n            Field 'browser' doesn't contain a valid alias configuration\n            /tmp/pai-cloud-build/11OL3qNyS4YeBx3T7xl7t/src/pages/wrong/index.mjs doesn't exist\n          .vue\n            Field 'browser' doesn't contain a valid alias configuration\n            /tmp/pai-cloud-build/11OL3qNyS4YeBx3T7xl7t/src/pages/wrong/index.vue doesn't exist\n          as directory\n            /tmp/pai-cloud-build/11OL3qNyS4YeBx3T7xl7t/src/pages/wrong/index doesn't exist\n\n","timestamp":1783759740446}
[16:59:30.363] File change detected. Updating...
[16:59:30.378] readProjectFiles, Found 61 files to read.
[16:59:30.431] Files read. Count: 61
[16:59:30.432] Calling pai.updateCloudDev...
[16:59:30.432] [PAI SDK] cloudServer.update called, appId: pai-preview-trae-9f308e9b
[16:59:30.673] [PAI SDK] Received event: reload {"url":"aipa://pai-preview-trae-9f308e9b.aipa-cloud.bytedance.net?type=pai","timestamp":1783759747446}
[16:59:30.673] [PAI SDK] CloudServer received reload event: {"url":"aipa://pai-preview-trae-9f308e9b.aipa-cloud.bytedance.net?type=pai","timestamp":1783759747446}
[16:59:30.673] [PAI SDK] reload, url = https://sd62opo6oqou1ckhsuo00.apigateway-cn-beijing.volceapi.com/?faasInstanceName=vefaas-f0vkicge-zwx1wbt5u0-d98vu1g2kp5jedib2ttg-sandbox&hash=pai-preview-trae-9f308e9b
[16:59:30.673] [PAI SDK] cloudServer.update response: {
  "status": "running",
  "reload": false,
  "hash": "pai-preview-trae-9f308e9b"
}
[16:59:30.674] Update success (pai.updateCloudDev returned)
[16:59:31.574] [PAI SDK] Received event: log {"content":"🙅   编译失败. 7/11/2026, 4:49:08 PM\n\n","timestamp":1783759748394}
[16:59:31.742] [PAI SDK] Received event: compile_error [{"filename":"","lineNumber":0,"description":"ERROR in ./src/app.config.ts 114:15-44\nModule not found: Error: Can't resolve './pages/wrong/index' in '/src'\nresolve './pages/wrong/index' in '/src'\n  using description file: /package.json (relative path: ./src)\n    resolve multi platform file path\n      using description file: /package.json (relative path: ./src)\n        Field 'browser' doesn't contain a valid alias configuration\n        root path /package.json (relative path: ./src/pages/wrong/index)\n            no extension\n              Field 'browser' doesn't contain a valid alias configuration\n              /src/pages/wrong/index doesn't exist\n            .js\n              Field 'browser' doesn't contain a valid alias configuration\n              /src/pages/wrong/index.js doesn't exist\n            .jsx\n              Field 'browser' doesn't contain a valid alias configuration\n              /src/pages/wrong/index.jsx doesn't exist\n            .ts\n              Field 'browser' doesn't contain a valid alias configuration\n              /src/pages/wrong/index.ts doesn't exist\n            .tsx\n              Field 'browser' doesn't contain a valid alias configuration\n              /src/pages/wrong/index.tsx doesn't exist\n            .mjs\n              Field 'browser' doesn't contain a valid alias configuration\n              /src/pages/wrong/index.mjs doesn't exist\n            .vue\n              Field 'browser' doesn't contain a valid alias configuration\n              /src/pages/wrong/index.vue doesn't exist\n            as directory\n              /src/pages/wrong/index doesn't exist\n        using description file: /package.json (relative path: ./src/pages/wrong/index)\n          no extension\n            Field 'browser' doesn't contain a valid alias configuration\n            /src/pages/wrong/index doesn't exist\n          .js\n            Field 'browser' doesn't contain a valid alias configuration\n            /src/pages/wrong/index.js doesn't exist\n          .jsx\n            Field 'browser' doesn't contain a valid alias configuration\n            /src/pages/wrong/index.jsx doesn't exist\n          .ts\n            Field 'browser' doesn't contain a valid alias configuration\n            /src/pages/wrong/index.ts doesn't exist\n          .tsx\n            Field 'browser' doesn't contain a valid alias configuration\n            /src/pages/wrong/index.tsx doesn't exist\n          .mjs\n            Field 'browser' doesn't contain a valid alias configuration\n            /src/pages/wrong/index.mjs doesn't exist\n          .vue\n            Field 'browser' doesn't contain a valid alias configuration\n            /src/pages/wrong/index.vue doesn't exist\n          as directory\n            /src/pages/wrong/index doesn't exist","timestamp":1783759748419}]
[16:59:32.253] [PAI SDK] Received event: log {"content":"resolve './pages/wrong/index' in '/tmp/pai-cloud-build/11OL3qNyS4YeBx3T7xl7t/src'\n  using description file: /tmp/pai-cloud-build/11OL3qNyS4YeBx3T7xl7t/package.json (relative path: ./src)\n    resolve multi platform file path\n      using description file: /tmp/pai-cloud-build/11OL3qNyS4YeBx3T7xl7t/package.json (relative path: ./src)\n        Field 'browser' doesn't contain a valid alias configuration\n        root path /tmp/pai-cloud-build/11OL3qNyS4YeBx3T7xl7t\n          using description file: /tmp/pai-cloud-build/11OL3qNyS4YeBx3T7xl7t/package.json (relative path: ./tmp/pai-cloud-build/11OL3qNyS4YeBx3T7xl7t/src/pages/wrong/index)\n            no extension\n              Field 'browser' doesn't contain a valid alias configuration\n              /tmp/pai-cloud-build/11OL3qNyS4YeBx3T7xl7t/tmp/pai-cloud-build/11OL3qNyS4YeBx3T7xl7t/src/pages/wrong/index doesn't exist\n            .js\n              Field 'browser' doesn't contain a valid alias configuration\n              /tmp/pai-cloud-build/11OL3qNyS4YeBx3T7xl7t/tmp/pai-cloud-build/11OL3qNyS4YeBx3T7xl7t/src/pages/wrong/index.js doesn't exist\n            .jsx\n              Field 'browser' doesn't contain a valid alias configuration\n              /tmp/pai-cloud-build/11OL3qNyS4YeBx3T7xl7t/tmp/pai-cloud-build/11OL3qNyS4YeBx3T7xl7t/src/pages/wrong/index.jsx doesn't exist\n            .ts\n              Field 'browser' doesn't contain a valid alias configuration\n              /tmp/pai-cloud-build/11OL3qNyS4YeBx3T7xl7t/tmp/pai-cloud-build/11OL3qNyS4YeBx3T7xl7t/src/pages/wrong/index.ts doesn't exist\n            .tsx\n              Field 'browser' doesn't contain a valid alias configuration\n              /tmp/pai-cloud-build/11OL3qNyS4YeBx3T7xl7t/tmp/pai-cloud-build/11OL3qNyS4YeBx3T7xl7t/src/pages/wrong/index.tsx doesn't exist\n            .mjs\n              Field 'browser' doesn't contain a valid alias configuration\n              /tmp/pai-cloud-build/11OL3qNyS4YeBx3T7xl7t/tmp/pai-cloud-build/11OL3qNyS4YeBx3T7xl7t/src/pages/wrong/index.mjs doesn't exist\n            .vue\n              Field 'browser' doesn't contain a valid alias configuration\n              /tmp/pai-cloud-build/11OL3qNyS4YeBx3T7xl7t/tmp/pai-cloud-build/11OL3qNyS4YeBx3T7xl7t/src/pages/wrong/index.vue doesn't exist\n            as directory\n              /tmp/pai-cloud-build/11OL3qNyS4YeBx3T7xl7t/tmp/pai-cloud-build/11OL3qNyS4YeBx3T7xl7t/src/pages/wrong/index doesn't exist\n        using description file: /tmp/pai-cloud-build/11OL3qNyS4YeBx3T7xl7t/package.json (relative path: ./src/pages/wrong/index)\n          no extension\n            Field 'browser' doesn't contain a valid alias configuration\n            /tmp/pai-cloud-build/11OL3qNyS4YeBx3T7xl7t/src/pages/wrong/index doesn't exist\n          .js\n            Field 'browser' doesn't contain a valid alias configuration\n            /tmp/pai-cloud-build/11OL3qNyS4YeBx3T7xl7t/src/pages/wrong/index.js doesn't exist\n          .jsx\n            Field 'browser' doesn't contain a valid alias configuration\n            /tmp/pai-cloud-build/11OL3qNyS4YeBx3T7xl7t/src/pages/wrong/index.jsx doesn't exist\n          .ts\n            Field 'browser' doesn't contain a valid alias configuration\n            /tmp/pai-cloud-build/11OL3qNyS4YeBx3T7xl7t/src/pages/wrong/index.ts doesn't exist\n          .tsx\n            Field 'browser' doesn't contain a valid alias configuration\n            /tmp/pai-cloud-build/11OL3qNyS4YeBx3T7xl7t/src/pages/wrong/index.tsx doesn't exist\n          .mjs\n            Field 'browser' doesn't contain a valid alias configuration\n            /tmp/pai-cloud-build/11OL3qNyS4YeBx3T7xl7t/src/pages/wrong/index.mjs doesn't exist\n          .vue\n            Field 'browser' doesn't contain a valid alias configuration\n            /tmp/pai-cloud-build/11OL3qNyS4YeBx3T7xl7t/src/pages/wrong/index.vue doesn't exist\n          as directory\n            /tmp/pai-cloud-build/11OL3qNyS4YeBx3T7xl7t/src/pages/wrong/index doesn't exist\n\n","timestamp":1783759748495}
[16:59:55.872] File change detected. Updating...
[16:59:55.884] readProjectFiles, Found 62 files to read.
[16:59:55.932] Files read. Count: 62
[16:59:55.933] Calling pai.updateCloudDev...
[16:59:55.933] [PAI SDK] cloudServer.update called, appId: pai-preview-trae-9f308e9b
[16:59:57.240] [PAI SDK] Received event: reload {"url":"aipa://pai-preview-trae-9f308e9b.aipa-cloud.bytedance.net?type=pai","timestamp":1783759774066}
[16:59:57.240] [PAI SDK] CloudServer received reload event: {"url":"aipa://pai-preview-trae-9f308e9b.aipa-cloud.bytedance.net?type=pai","timestamp":1783759774066}
[16:59:57.240] [PAI SDK] reload, url = https://sd62opo6oqou1ckhsuo00.apigateway-cn-beijing.volceapi.com/?faasInstanceName=vefaas-f0vkicge-zwx1wbt5u0-d98vu1g2kp5jedib2ttg-sandbox&hash=pai-preview-trae-9f308e9b
[16:59:57.241] [PAI SDK] cloudServer.update response: {
  "status": "running",
  "reload": false,
  "hash": "pai-preview-trae-9f308e9b"
}
[16:59:57.241] Update success (pai.updateCloudDev returned)
[16:59:57.727] [PAI SDK] Received event: log {"content":"<i> [webpack-dev-middleware] wait until bundle finished: /\n","timestamp":1783759774546}
[16:59:58.724] [PAI SDK] Received event: log {"content":"🙅   编译失败. 7/11/2026, 4:49:35 PM\n\n","timestamp":1783759775547}
[16:59:58.779] [PAI SDK] Received event: compile_error [{"filename":"","lineNumber":0,"description":"ERROR in ./src/app.config.ts 114:15-44\nModule not found: Error: Can't resolve './pages/wrong/index' in '/src'\nresolve './pages/wrong/index' in '/src'\n  using description file: /package.json (relative path: ./src)\n    resolve multi platform file path\n      using description file: /package.json (relative path: ./src)\n        Field 'browser' doesn't contain a valid alias configuration\n        root path /package.json (relative path: ./src/pages/wrong/index)\n            no extension\n              Field 'browser' doesn't contain a valid alias configuration\n              /src/pages/wrong/index doesn't exist\n            .js\n              Field 'browser' doesn't contain a valid alias configuration\n              /src/pages/wrong/index.js doesn't exist\n            .jsx\n              Field 'browser' doesn't contain a valid alias configuration\n              /src/pages/wrong/index.jsx doesn't exist\n            .ts\n              Field 'browser' doesn't contain a valid alias configuration\n              /src/pages/wrong/index.ts doesn't exist\n            .tsx\n              Field 'browser' doesn't contain a valid alias configuration\n              /src/pages/wrong/index.tsx doesn't exist\n            .mjs\n              Field 'browser' doesn't contain a valid alias configuration\n              /src/pages/wrong/index.mjs doesn't exist\n            .vue\n              Field 'browser' doesn't contain a valid alias configuration\n              /src/pages/wrong/index.vue doesn't exist\n            as directory\n              /src/pages/wrong/index doesn't exist\n        using description file: /package.json (relative path: ./src/pages/wrong/index)\n          no extension\n            Field 'browser' doesn't contain a valid alias configuration\n            /src/pages/wrong/index doesn't exist\n          .js\n            Field 'browser' doesn't contain a valid alias configuration\n            /src/pages/wrong/index.js doesn't exist\n          .jsx\n            Field 'browser' doesn't contain a valid alias configuration\n            /src/pages/wrong/index.jsx doesn't exist\n          .ts\n            Field 'browser' doesn't contain a valid alias configuration\n            /src/pages/wrong/index.ts doesn't exist\n          .tsx\n            Field 'browser' doesn't contain a valid alias configuration\n            /src/pages/wrong/index.tsx doesn't exist\n          .mjs\n            Field 'browser' doesn't contain a valid alias configuration\n            /src/pages/wrong/index.mjs doesn't exist\n          .vue\n            Field 'browser' doesn't contain a valid alias configuration\n            /src/pages/wrong/index.vue doesn't exist\n          as directory\n            /src/pages/wrong/index doesn't exist","timestamp":1783759775570}]
[16:59:58.838] [PAI SDK] Received event: log {"content":"resolve './pages/wrong/index' in '/tmp/pai-cloud-build/11OL3qNyS4YeBx3T7xl7t/src'\n  using description file: /tmp/pai-cloud-build/11OL3qNyS4YeBx3T7xl7t/package.json (relative path: ./src)\n    resolve multi platform file path\n      using description file: /tmp/pai-cloud-build/11OL3qNyS4YeBx3T7xl7t/package.json (relative path: ./src)\n        Field 'browser' doesn't contain a valid alias configuration\n        root path /tmp/pai-cloud-build/11OL3qNyS4YeBx3T7xl7t\n          using description file: /tmp/pai-cloud-build/11OL3qNyS4YeBx3T7xl7t/package.json (relative path: ./tmp/pai-cloud-build/11OL3qNyS4YeBx3T7xl7t/src/pages/wrong/index)\n            no extension\n              Field 'browser' doesn't contain a valid alias configuration\n              /tmp/pai-cloud-build/11OL3qNyS4YeBx3T7xl7t/tmp/pai-cloud-build/11OL3qNyS4YeBx3T7xl7t/src/pages/wrong/index doesn't exist\n            .js\n              Field 'browser' doesn't contain a valid alias configuration\n              /tmp/pai-cloud-build/11OL3qNyS4YeBx3T7xl7t/tmp/pai-cloud-build/11OL3qNyS4YeBx3T7xl7t/src/pages/wrong/index.js doesn't exist\n            .jsx\n              Field 'browser' doesn't contain a valid alias configuration\n              /tmp/pai-cloud-build/11OL3qNyS4YeBx3T7xl7t/tmp/pai-cloud-build/11OL3qNyS4YeBx3T7xl7t/src/pages/wrong/index.jsx doesn't exist\n            .ts\n              Field 'browser' doesn't contain a valid alias configuration\n              /tmp/pai-cloud-build/11OL3qNyS4YeBx3T7xl7t/tmp/pai-cloud-build/11OL3qNyS4YeBx3T7xl7t/src/pages/wrong/index.ts doesn't exist\n            .tsx\n              Field 'browser' doesn't contain a valid alias configuration\n              /tmp/pai-cloud-build/11OL3qNyS4YeBx3T7xl7t/tmp/pai-cloud-build/11OL3qNyS4YeBx3T7xl7t/src/pages/wrong/index.tsx doesn't exist\n            .mjs\n              Field 'browser' doesn't contain a valid alias configuration\n              /tmp/pai-cloud-build/11OL3qNyS4YeBx3T7xl7t/tmp/pai-cloud-build/11OL3qNyS4YeBx3T7xl7t/src/pages/wrong/index.mjs doesn't exist\n            .vue\n              Field 'browser' doesn't contain a valid alias configuration\n              /tmp/pai-cloud-build/11OL3qNyS4YeBx3T7xl7t/tmp/pai-cloud-build/11OL3qNyS4YeBx3T7xl7t/src/pages/wrong/index.vue doesn't exist\n            as directory\n              /tmp/pai-cloud-build/11OL3qNyS4YeBx3T7xl7t/tmp/pai-cloud-build/11OL3qNyS4YeBx3T7xl7t/src/pages/wrong/index doesn't exist\n        using description file: /tmp/pai-cloud-build/11OL3qNyS4YeBx3T7xl7t/package.json (relative path: ./src/pages/wrong/index)\n          no extension\n            Field 'browser' doesn't contain a valid alias configuration\n            /tmp/pai-cloud-build/11OL3qNyS4YeBx3T7xl7t/src/pages/wrong/index doesn't exist\n          .js\n            Field 'browser' doesn't contain a valid alias configuration\n            /tmp/pai-cloud-build/11OL3qNyS4YeBx3T7xl7t/src/pages/wrong/index.js doesn't exist\n          .jsx\n            Field 'browser' doesn't contain a valid alias configuration\n            /tmp/pai-cloud-build/11OL3qNyS4YeBx3T7xl7t/src/pages/wrong/index.jsx doesn't exist\n          .ts\n            Field 'browser' doesn't contain a valid alias configuration\n            /tmp/pai-cloud-build/11OL3qNyS4YeBx3T7xl7t/src/pages/wrong/index.ts doesn't exist\n          .tsx\n            Field 'browser' doesn't contain a valid alias configuration\n            /tmp/pai-cloud-build/11OL3qNyS4YeBx3T7xl7t/src/pages/wrong/index.tsx doesn't exist\n          .mjs\n            Field 'browser' doesn't contain a valid alias configuration\n            /tmp/pai-cloud-build/11OL3qNyS4YeBx3T7xl7t/src/pages/wrong/index.mjs doesn't exist\n          .vue\n            Field 'browser' doesn't contain a valid alias configuration\n            /tmp/pai-cloud-build/11OL3qNyS4YeBx3T7xl7t/src/pages/wrong/index.vue doesn't exist\n          as directory\n            /tmp/pai-cloud-build/11OL3qNyS4YeBx3T7xl7t/src/pages/wrong/index doesn't exist\n\n","timestamp":1783759775647}
[17:00:27.351] File change detected. Updating...
[17:00:27.367] readProjectFiles, Found 63 files to read.
[17:00:27.416] Files read. Count: 63
[17:00:27.416] Calling pai.updateCloudDev...
[17:00:27.416] [PAI SDK] cloudServer.update called, appId: pai-preview-trae-9f308e9b
[17:00:28.255] [PAI SDK] Received event: reload {"url":"aipa://pai-preview-trae-9f308e9b.aipa-cloud.bytedance.net?type=pai","timestamp":1783759805064}
[17:00:28.255] [PAI SDK] CloudServer received reload event: {"url":"aipa://pai-preview-trae-9f308e9b.aipa-cloud.bytedance.net?type=pai","timestamp":1783759805064}
[17:00:28.255] [PAI SDK] reload, url = https://sd62opo6oqou1ckhsuo00.apigateway-cn-beijing.volceapi.com/?faasInstanceName=vefaas-f0vkicge-zwx1wbt5u0-d98vu1g2kp5jedib2ttg-sandbox&hash=pai-preview-trae-9f308e9b
[17:00:28.256] [PAI SDK] cloudServer.update response: {
  "status": "running",
  "reload": false,
  "hash": "pai-preview-trae-9f308e9b"
}
[17:00:28.256] Update success (pai.updateCloudDev returned)
[17:00:28.712] [PAI SDK] Received event: log {"content":"<i> [webpack-dev-middleware] wait until bundle finished: /\n","timestamp":1783759805493}
[17:00:30.067] [PAI SDK] Received event: log {"content":"✅  编译成功 7/11/2026, 4:50:06 PM\n\n","timestamp":1783759806878}
[17:01:08.706] File change detected. Updating...
[17:01:08.719] readProjectFiles, Found 63 files to read.
[17:01:08.768] Files read. Count: 63
[17:01:08.768] Calling pai.updateCloudDev...
[17:01:08.769] [PAI SDK] cloudServer.update called, appId: pai-preview-trae-9f308e9b
[17:01:10.048] [PAI SDK] Received event: reload {"url":"aipa://pai-preview-trae-9f308e9b.aipa-cloud.bytedance.net?type=pai","timestamp":1783759846792}
[17:01:10.048] [PAI SDK] CloudServer received reload event: {"url":"aipa://pai-preview-trae-9f308e9b.aipa-cloud.bytedance.net?type=pai","timestamp":1783759846792}
[17:01:10.048] [PAI SDK] reload, url = https://sd62opo6oqou1ckhsuo00.apigateway-cn-beijing.volceapi.com/?faasInstanceName=vefaas-f0vkicge-zwx1wbt5u0-d98vu1g2kp5jedib2ttg-sandbox&hash=pai-preview-trae-9f308e9b
[17:01:10.048] [PAI SDK] cloudServer.update response: {
  "status": "running",
  "reload": false,
  "hash": "pai-preview-trae-9f308e9b"
}
[17:01:10.049] Update success (pai.updateCloudDev returned)
[17:01:10.145] [PAI SDK] Received event: log {"content":"<i> [webpack-dev-middleware] wait until bundle finished: /\n","timestamp":1783759846969}
[17:01:11.696] [PAI SDK] Received event: log {"content":"✅  编译成功 7/11/2026, 4:50:48 PM\n\n","timestamp":1783759848522}
[17:01:47.708] File change detected. Updating...
[17:01:47.723] readProjectFiles, Found 63 files to read.
[17:01:47.777] Files read. Count: 63
[17:01:47.777] Calling pai.updateCloudDev...
[17:01:47.777] [PAI SDK] cloudServer.update called, appId: pai-preview-trae-9f308e9b
[17:01:49.107] [PAI SDK] Received event: reload {"url":"aipa://pai-preview-trae-9f308e9b.aipa-cloud.bytedance.net?type=pai","timestamp":1783759885924}
[17:01:49.107] [PAI SDK] CloudServer received reload event: {"url":"aipa://pai-preview-trae-9f308e9b.aipa-cloud.bytedance.net?type=pai","timestamp":1783759885924}
[17:01:49.107] [PAI SDK] reload, url = https://sd62opo6oqou1ckhsuo00.apigateway-cn-beijing.volceapi.com/?faasInstanceName=vefaas-f0vkicge-zwx1wbt5u0-d98vu1g2kp5jedib2ttg-sandbox&hash=pai-preview-trae-9f308e9b
[17:01:49.108] [PAI SDK] cloudServer.update response: {
  "status": "running",
  "reload": false,
  "hash": "pai-preview-trae-9f308e9b"
}
[17:01:49.108] Update success (pai.updateCloudDev returned)
[17:01:50.830] [PAI SDK] Received event: log {"content":"✅  编译成功 7/11/2026, 4:51:27 PM\n\n","timestamp":1783759887641}
[17:02:19.306] File change detected. Updating...
[17:02:19.319] readProjectFiles, Found 63 files to read.
[17:02:19.369] Files read. Count: 63
[17:02:19.369] Calling pai.updateCloudDev...
[17:02:19.369] [PAI SDK] cloudServer.update called, appId: pai-preview-trae-9f308e9b
[17:02:19.595] [PAI SDK] Received event: reload {"url":"aipa://pai-preview-trae-9f308e9b.aipa-cloud.bytedance.net?type=pai","timestamp":1783759916421}
[17:02:19.596] [PAI SDK] CloudServer received reload event: {"url":"aipa://pai-preview-trae-9f308e9b.aipa-cloud.bytedance.net?type=pai","timestamp":1783759916421}
[17:02:19.596] [PAI SDK] reload, url = https://sd62opo6oqou1ckhsuo00.apigateway-cn-beijing.volceapi.com/?faasInstanceName=vefaas-f0vkicge-zwx1wbt5u0-d98vu1g2kp5jedib2ttg-sandbox&hash=pai-preview-trae-9f308e9b
[17:02:19.596] [PAI SDK] cloudServer.update response: {
  "status": "running",
  "reload": false,
  "hash": "pai-preview-trae-9f308e9b"
}
[17:02:19.596] Update success (pai.updateCloudDev returned)
[17:02:19.694] [PAI SDK] Received event: log {"content":"<i> [webpack-dev-middleware] wait until bundle finished: /\n","timestamp":1783759916510}
[17:02:21.109] [PAI SDK] Received event: log {"content":"✅  编译成功 7/11/2026, 4:51:57 PM\n\n","timestamp":1783759917911}
[17:02:42.304] File change detected. Updating...
[17:02:42.315] readProjectFiles, Found 63 files to read.
[17:02:42.367] Files read. Count: 63
[17:02:42.367] Calling pai.updateCloudDev...
[17:02:42.368] [PAI SDK] cloudServer.update called, appId: pai-preview-trae-9f308e9b
[17:02:42.649] [PAI SDK] Received event: reload {"url":"aipa://pai-preview-trae-9f308e9b.aipa-cloud.bytedance.net?type=pai","timestamp":1783759939381}
[17:02:42.650] [PAI SDK] CloudServer received reload event: {"url":"aipa://pai-preview-trae-9f308e9b.aipa-cloud.bytedance.net?type=pai","timestamp":1783759939381}
[17:02:42.650] [PAI SDK] reload, url = https://sd62opo6oqou1ckhsuo00.apigateway-cn-beijing.volceapi.com/?faasInstanceName=vefaas-f0vkicge-zwx1wbt5u0-d98vu1g2kp5jedib2ttg-sandbox&hash=pai-preview-trae-9f308e9b
[17:02:42.650] [PAI SDK] cloudServer.update response: {
  "status": "running",
  "reload": false,
  "hash": "pai-preview-trae-9f308e9b"
}
[17:02:42.650] Update success (pai.updateCloudDev returned)
[17:02:42.772] [PAI SDK] Received event: log {"content":"<i> [webpack-dev-middleware] wait until bundle finished: /\n","timestamp":1783759939558}
[17:02:44.045] [PAI SDK] Received event: log {"content":"✅  编译成功 7/11/2026, 4:52:20 PM\n\n","timestamp":1783759940855}
[17:03:42.580] File change detected. Updating...
[17:03:42.594] readProjectFiles, Found 63 files to read.
[17:03:42.645] Files read. Count: 63
[17:03:42.645] Calling pai.updateCloudDev...
[17:03:42.646] [PAI SDK] cloudServer.update called, appId: pai-preview-trae-9f308e9b
[17:03:42.835] [PAI SDK] Received event: reload {"url":"aipa://pai-preview-trae-9f308e9b.aipa-cloud.bytedance.net?type=pai","timestamp":1783759999648}
[17:03:42.836] [PAI SDK] CloudServer received reload event: {"url":"aipa://pai-preview-trae-9f308e9b.aipa-cloud.bytedance.net?type=pai","timestamp":1783759999648}
[17:03:42.836] [PAI SDK] reload, url = https://sd62opo6oqou1ckhsuo00.apigateway-cn-beijing.volceapi.com/?faasInstanceName=vefaas-f0vkicge-zwx1wbt5u0-d98vu1g2kp5jedib2ttg-sandbox&hash=pai-preview-trae-9f308e9b
[17:03:42.836] [PAI SDK] cloudServer.update response: {
  "status": "running",
  "reload": false,
  "hash": "pai-preview-trae-9f308e9b"
}
[17:03:42.836] Update success (pai.updateCloudDev returned)
[17:03:42.932] [PAI SDK] Received event: log {"content":"<i> [webpack-dev-middleware] wait until bundle finished: /\n","timestamp":1783759999749}
[17:03:44.707] [PAI SDK] Received event: log {"content":"✅  编译成功 7/11/2026, 4:53:21 PM\n\n","timestamp":1783760001518}
[17:04:16.208] File change detected. Updating...
[17:04:16.223] readProjectFiles, Found 63 files to read.
[17:04:16.277] Files read. Count: 63
[17:04:16.278] Calling pai.updateCloudDev...
[17:04:16.278] [PAI SDK] cloudServer.update called, appId: pai-preview-trae-9f308e9b
[17:04:16.760] [PAI SDK] Received event: reload {"url":"aipa://pai-preview-trae-9f308e9b.aipa-cloud.bytedance.net?type=pai","timestamp":1783760033584}
[17:04:16.761] [PAI SDK] CloudServer received reload event: {"url":"aipa://pai-preview-trae-9f308e9b.aipa-cloud.bytedance.net?type=pai","timestamp":1783760033584}
[17:04:16.761] [PAI SDK] reload, url = https://sd62opo6oqou1ckhsuo00.apigateway-cn-beijing.volceapi.com/?faasInstanceName=vefaas-f0vkicge-zwx1wbt5u0-d98vu1g2kp5jedib2ttg-sandbox&hash=pai-preview-trae-9f308e9b
[17:04:16.761] [PAI SDK] cloudServer.update response: {
  "status": "running",
  "reload": false,
  "hash": "pai-preview-trae-9f308e9b"
}
[17:04:16.761] Update success (pai.updateCloudDev returned)
[17:04:18.746] [PAI SDK] Received event: log {"content":"✅  编译成功 7/11/2026, 4:53:55 PM\n\n","timestamp":1783760035570}
[17:04:29.114] File change detected. Updating...
[17:04:29.126] readProjectFiles, Found 63 files to read.
[17:04:29.176] Files read. Count: 63
[17:04:29.176] Calling pai.updateCloudDev...
[17:04:29.177] [PAI SDK] cloudServer.update called, appId: pai-preview-trae-9f308e9b
[17:04:29.673] [PAI SDK] Received event: reload {"url":"aipa://pai-preview-trae-9f308e9b.aipa-cloud.bytedance.net?type=pai","timestamp":1783760046496}
[17:04:29.674] [PAI SDK] CloudServer received reload event: {"url":"aipa://pai-preview-trae-9f308e9b.aipa-cloud.bytedance.net?type=pai","timestamp":1783760046496}
[17:04:29.674] [PAI SDK] reload, url = https://sd62opo6oqou1ckhsuo00.apigateway-cn-beijing.volceapi.com/?faasInstanceName=vefaas-f0vkicge-zwx1wbt5u0-d98vu1g2kp5jedib2ttg-sandbox&hash=pai-preview-trae-9f308e9b
[17:04:29.675] [PAI SDK] cloudServer.update response: {
  "status": "running",
  "reload": false,
  "hash": "pai-preview-trae-9f308e9b"
}
[17:04:29.675] Update success (pai.updateCloudDev returned)
[17:04:29.808] [PAI SDK] Received event: log {"content":"<i> [webpack-dev-middleware] wait until bundle finished: /\n","timestamp":1783760046613}
[17:04:30.848] [PAI SDK] Received event: log {"content":"✅  编译成功 7/11/2026, 4:54:07 PM\n\n","timestamp":1783760047665}
[17:04:44.683] File change detected. Updating...
[17:04:44.695] readProjectFiles, Found 60 files to read.
[17:04:44.741] Files read. Count: 60
[17:04:44.741] Calling pai.updateCloudDev...
[17:04:44.741] [PAI SDK] cloudServer.update called, appId: pai-preview-trae-9f308e9b
[17:04:45.571] [PAI SDK] Received event: reload {"url":"aipa://pai-preview-trae-9f308e9b.aipa-cloud.bytedance.net?type=pai","timestamp":1783760062382}
[17:04:45.572] [PAI SDK] CloudServer received reload event: {"url":"aipa://pai-preview-trae-9f308e9b.aipa-cloud.bytedance.net?type=pai","timestamp":1783760062382}
[17:04:45.572] [PAI SDK] reload, url = https://sd62opo6oqou1ckhsuo00.apigateway-cn-beijing.volceapi.com/?faasInstanceName=vefaas-f0vkicge-zwx1wbt5u0-d98vu1g2kp5jedib2ttg-sandbox&hash=pai-preview-trae-9f308e9b
[17:04:45.572] [PAI SDK] cloudServer.update response: {
  "status": "running",
  "reload": false,
  "hash": "pai-preview-trae-9f308e9b"
}
[17:04:45.573] Update success (pai.updateCloudDev returned)
[17:04:46.479] [PAI SDK] Received event: log {"content":"✅  编译成功 7/11/2026, 4:54:23 PM\n\n","timestamp":1783760063299}
[17:07:37.854] File change detected. Updating...
[17:07:37.865] readProjectFiles, Found 60 files to read.
[17:07:37.915] Files read. Count: 60
[17:07:37.915] Calling pai.updateCloudDev...
[17:07:37.916] [PAI SDK] cloudServer.update called, appId: pai-preview-trae-9f308e9b
[17:07:38.091] [PAI SDK] Received event: reload {"url":"aipa://pai-preview-trae-9f308e9b.aipa-cloud.bytedance.net?type=pai","timestamp":1783760234916}
[17:07:38.091] [PAI SDK] CloudServer received reload event: {"url":"aipa://pai-preview-trae-9f308e9b.aipa-cloud.bytedance.net?type=pai","timestamp":1783760234916}
[17:07:38.091] [PAI SDK] reload, url = https://sd62opo6oqou1ckhsuo00.apigateway-cn-beijing.volceapi.com/?faasInstanceName=vefaas-f0vkicge-zwx1wbt5u0-d98vu1g2kp5jedib2ttg-sandbox&hash=pai-preview-trae-9f308e9b
[17:07:38.091] [PAI SDK] cloudServer.update response: {
  "status": "running",
  "reload": false,
  "hash": "pai-preview-trae-9f308e9b"
}
[17:07:38.092] Update success (pai.updateCloudDev returned)
[17:07:38.556] [PAI SDK] Received event: log {"content":"<i> [webpack-dev-middleware] wait until bundle finished: /\n","timestamp":1783760235353}
[17:07:39.746] [PAI SDK] Received event: log {"content":"✅  编译成功 7/11/2026, 4:57:16 PM\n\n","timestamp":1783760236560}
[17:07:43.025] File change detected. Updating...
[17:07:43.036] readProjectFiles, Found 60 files to read.
[17:07:43.083] Files read. Count: 60
[17:07:43.083] Calling pai.updateCloudDev...
[17:07:43.084] [PAI SDK] cloudServer.update called, appId: pai-preview-trae-9f308e9b
[17:07:43.276] [PAI SDK] Received event: reload {"url":"aipa://pai-preview-trae-9f308e9b.aipa-cloud.bytedance.net?type=pai","timestamp":1783760240095}
[17:07:43.276] [PAI SDK] CloudServer received reload event: {"url":"aipa://pai-preview-trae-9f308e9b.aipa-cloud.bytedance.net?type=pai","timestamp":1783760240095}
[17:07:43.276] [PAI SDK] reload, url = https://sd62opo6oqou1ckhsuo00.apigateway-cn-beijing.volceapi.com/?faasInstanceName=vefaas-f0vkicge-zwx1wbt5u0-d98vu1g2kp5jedib2ttg-sandbox&hash=pai-preview-trae-9f308e9b
[17:07:43.297] [PAI SDK] cloudServer.update response: {
  "status": "running",
  "reload": false,
  "hash": "pai-preview-trae-9f308e9b"
}
[17:07:43.297] Update success (pai.updateCloudDev returned)
[17:07:43.379] [PAI SDK] Received event: log {"content":"<i> [webpack-dev-middleware] wait until bundle finished: /\n","timestamp":1783760240204}
[17:07:44.325] [PAI SDK] Received event: log {"content":"✅  编译成功 7/11/2026, 4:57:21 PM\n\n","timestamp":1783760241150}
[17:07:47.426] File change detected. Updating...
[17:07:47.441] readProjectFiles, Found 60 files to read.
[17:07:47.488] Files read. Count: 60
[17:07:47.488] Calling pai.updateCloudDev...
[17:07:47.489] [PAI SDK] cloudServer.update called, appId: pai-preview-trae-9f308e9b
[17:07:47.716] [PAI SDK] Received event: reload {"url":"aipa://pai-preview-trae-9f308e9b.aipa-cloud.bytedance.net?type=pai","timestamp":1783760244540}
[17:07:47.717] [PAI SDK] CloudServer received reload event: {"url":"aipa://pai-preview-trae-9f308e9b.aipa-cloud.bytedance.net?type=pai","timestamp":1783760244540}
[17:07:47.717] [PAI SDK] reload, url = https://sd62opo6oqou1ckhsuo00.apigateway-cn-beijing.volceapi.com/?faasInstanceName=vefaas-f0vkicge-zwx1wbt5u0-d98vu1g2kp5jedib2ttg-sandbox&hash=pai-preview-trae-9f308e9b
[17:07:47.717] [PAI SDK] cloudServer.update response: {
  "status": "running",
  "reload": false,
  "hash": "pai-preview-trae-9f308e9b"
}
[17:07:47.717] Update success (pai.updateCloudDev returned)
[17:07:47.822] [PAI SDK] Received event: log {"content":"<i> [webpack-dev-middleware] wait until bundle finished: /\n","timestamp":1783760244646}
[17:07:48.734] [PAI SDK] Received event: log {"content":"✅  编译成功 7/11/2026, 4:57:25 PM\n\n","timestamp":1783760245553}
[17:11:10.272] [AuthCredentials] read failed: ENOENT: no such file or directory, open 'C:\123\.auth\auth.json'
[17:17:21.468] [Preview Server] Frontend disconnected, clients size = 1
[17:17:48.537] [Preview Server] Frontend connected, clients size = 1
[17:17:48.537] Sending cached status to new connection, lastStatusMessage = {"event":"status_change","message":{"url":"https://sd62opo6oqou1ckhsuo00.apigateway-cn-beijing.volceapi.com/?faasInstanceName=vefaas-f0vkicge-zwx1wbt5u0-d98vu1g2kp5jedib2ttg-sandbox&hash=pai-preview-trae-9f308e9b","schema":"aipa://preview?type=pai&aipa_id=pai-preview-trae-9f308e9b&uuid=f8a5d2c1-06a5-457d-83fb-6d0dc7c479d2","status":"running","framework":"taro"}}
[17:18:53.845] [AuthCredentials] read failed: ENOENT: no such file or directory, open 'C:\123\.auth\auth.json'
[17:50:43.264] [Preview Server] Frontend disconnected, clients size = 1
